{
    "grass-spack-v0.12.0-grass-spack-v0.12.0": {
        "spec1": "grass-spack-v0.12.0",
        "spec2": "grass-spack-v0.12.0",
        "1_package_name_overlap": 1,
        "2_package_name_version_exact": 1,
        "3_package_weighted_versions": 1,
        "4_parameter_overlap": 1,
        "5_arch_overlap": 1
    },
    "grass-spack-v0.12.0-grass-spack-v0.12.1": {
        "spec1": "grass-spack-v0.12.0",
        "spec2": "grass-spack-v0.12.1",
        "1_package_name_overlap": 1.0,
        "2_package_name_version_exact": 1.0,
        "3_package_weighted_versions": 1.0,
        "4_parameter_overlap": 0.2727272727272727,
        "5_arch_overlap": 0.9454545454545454
    },
    "grass-spack-v0.12.0-grass-spack-v0.15.0": {
        "spec1": "grass-spack-v0.12.0",
        "spec2": "grass-spack-v0.15.0",
        "1_package_name_overlap": 0.3333333333333333,
        "2_package_name_version_exact": 0.03225806451612903,
        "3_package_weighted_versions": 0.07158125552112693,
        "4_parameter_overlap": 0.08148148148148149,
        "5_arch_overlap": 0.14583333333333334
    },
    "grass-spack-v0.12.0-grass-spack-v0.15.1": {
        "spec1": "grass-spack-v0.12.0",
        "spec2": "grass-spack-v0.15.1",
        "1_package_name_overlap": 0.3333333333333333,
        "2_package_name_version_exact": 0.03225806451612903,
        "3_package_weighted_versions": 0.07158125552112693,
        "4_parameter_overlap": 0.08148148148148149,
        "5_arch_overlap": 0.14583333333333334
    },
    "grass-spack-v0.12.0-grass-spack-v0.15.2": {
        "spec1": "grass-spack-v0.12.0",
        "spec2": "grass-spack-v0.15.2",
        "1_package_name_overlap": 0.3333333333333333,
        "2_package_name_version_exact": 0.03225806451612903,
        "3_package_weighted_versions": 0.07158125552112693,
        "4_parameter_overlap": 0.08148148148148149,
        "5_arch_overlap": 0.14583333333333334
    },
    "grass-spack-v0.12.0-grass-spack-v0.15.3": {
        "spec1": "grass-spack-v0.12.0",
        "spec2": "grass-spack-v0.15.3",
        "1_package_name_overlap": 0.3333333333333333,
        "2_package_name_version_exact": 0.03225806451612903,
        "3_package_weighted_versions": 0.07158125552112693,
        "4_parameter_overlap": 0.08148148148148149,
        "5_arch_overlap": 0.14583333333333334
    },
    "grass-spack-v0.12.0-grass-spack-v0.15.4": {
        "spec1": "grass-spack-v0.12.0",
        "spec2": "grass-spack-v0.15.4",
        "1_package_name_overlap": 0.3333333333333333,
        "2_package_name_version_exact": 0.03225806451612903,
        "3_package_weighted_versions": 0.07158125552112693,
        "4_parameter_overlap": 0.08148148148148149,
        "5_arch_overlap": 0.14583333333333334
    },
    "grass-spack-v0.12.0-grass-spack-v0.16.0": {
        "spec1": "grass-spack-v0.12.0",
        "spec2": "grass-spack-v0.16.0",
        "1_package_name_overlap": 0.3076923076923077,
        "2_package_name_version_exact": 0.030303030303030304,
        "3_package_weighted_versions": 0.05626780626780625,
        "4_parameter_overlap": 0.0782051282051282,
        "5_arch_overlap": 0.1346153846153846
    },
    "grass-spack-v0.12.0-grass-spack-v0.16.1": {
        "spec1": "grass-spack-v0.12.0",
        "spec2": "grass-spack-v0.16.1",
        "1_package_name_overlap": 0.3076923076923077,
        "2_package_name_version_exact": 0.030303030303030304,
        "3_package_weighted_versions": 0.05626780626780625,
        "4_parameter_overlap": 0.0782051282051282,
        "5_arch_overlap": 0.1346153846153846
    },
    "grass-spack-v0.12.1-grass-spack-v0.12.1": {
        "spec1": "grass-spack-v0.12.1",
        "spec2": "grass-spack-v0.12.1",
        "1_package_name_overlap": 1,
        "2_package_name_version_exact": 1,
        "3_package_weighted_versions": 1,
        "4_parameter_overlap": 1,
        "5_arch_overlap": 1
    },
    "grass-spack-v0.12.1-grass-spack-v0.15.0": {
        "spec1": "grass-spack-v0.12.1",
        "spec2": "grass-spack-v0.15.0",
        "1_package_name_overlap": 0.3333333333333333,
        "2_package_name_version_exact": 0.03225806451612903,
        "3_package_weighted_versions": 0.07158125552112693,
        "4_parameter_overlap": 0.08148148148148149,
        "5_arch_overlap": 0.14583333333333334
    },
    "grass-spack-v0.12.1-grass-spack-v0.15.1": {
        "spec1": "grass-spack-v0.12.1",
        "spec2": "grass-spack-v0.15.1",
        "1_package_name_overlap": 0.3333333333333333,
        "2_package_name_version_exact": 0.03225806451612903,
        "3_package_weighted_versions": 0.07158125552112693,
        "4_parameter_overlap": 0.08148148148148149,
        "5_arch_overlap": 0.14583333333333334
    },
    "grass-spack-v0.12.1-grass-spack-v0.15.2": {
        "spec1": "grass-spack-v0.12.1",
        "spec2": "grass-spack-v0.15.2",
        "1_package_name_overlap": 0.3333333333333333,
        "2_package_name_version_exact": 0.03225806451612903,
        "3_package_weighted_versions": 0.07158125552112693,
        "4_parameter_overlap": 0.08148148148148149,
        "5_arch_overlap": 0.14583333333333334
    },
    "grass-spack-v0.12.1-grass-spack-v0.15.3": {
        "spec1": "grass-spack-v0.12.1",
        "spec2": "grass-spack-v0.15.3",
        "1_package_name_overlap": 0.3333333333333333,
        "2_package_name_version_exact": 0.03225806451612903,
        "3_package_weighted_versions": 0.07158125552112693,
        "4_parameter_overlap": 0.08148148148148149,
        "5_arch_overlap": 0.14583333333333334
    },
    "grass-spack-v0.12.1-grass-spack-v0.15.4": {
        "spec1": "grass-spack-v0.12.1",
        "spec2": "grass-spack-v0.15.4",
        "1_package_name_overlap": 0.3333333333333333,
        "2_package_name_version_exact": 0.03225806451612903,
        "3_package_weighted_versions": 0.07158125552112693,
        "4_parameter_overlap": 0.08148148148148149,
        "5_arch_overlap": 0.14583333333333334
    },
    "grass-spack-v0.12.1-grass-spack-v0.16.0": {
        "spec1": "grass-spack-v0.12.1",
        "spec2": "grass-spack-v0.16.0",
        "1_package_name_overlap": 0.3076923076923077,
        "2_package_name_version_exact": 0.030303030303030304,
        "3_package_weighted_versions": 0.05626780626780625,
        "4_parameter_overlap": 0.0782051282051282,
        "5_arch_overlap": 0.1346153846153846
    },
    "grass-spack-v0.12.1-grass-spack-v0.16.1": {
        "spec1": "grass-spack-v0.12.1",
        "spec2": "grass-spack-v0.16.1",
        "1_package_name_overlap": 0.3076923076923077,
        "2_package_name_version_exact": 0.030303030303030304,
        "3_package_weighted_versions": 0.05626780626780625,
        "4_parameter_overlap": 0.0782051282051282,
        "5_arch_overlap": 0.1346153846153846
    },
    "grass-spack-v0.15.0-grass-spack-v0.15.0": {
        "spec1": "grass-spack-v0.15.0",
        "spec2": "grass-spack-v0.15.0",
        "1_package_name_overlap": 1,
        "2_package_name_version_exact": 1,
        "3_package_weighted_versions": 1,
        "4_parameter_overlap": 1,
        "5_arch_overlap": 1
    },
    "grass-spack-v0.15.0-grass-spack-v0.15.1": {
        "spec1": "grass-spack-v0.15.0",
        "spec2": "grass-spack-v0.15.1",
        "1_package_name_overlap": 1.0,
        "2_package_name_version_exact": 1.0,
        "3_package_weighted_versions": 1.0,
        "4_parameter_overlap": 0.43902439024390244,
        "5_arch_overlap": 0.926829268292683
    },
    "grass-spack-v0.15.0-grass-spack-v0.15.2": {
        "spec1": "grass-spack-v0.15.0",
        "spec2": "grass-spack-v0.15.2",
        "1_package_name_overlap": 1.0,
        "2_package_name_version_exact": 1.0,
        "3_package_weighted_versions": 1.0,
        "4_parameter_overlap": 0.43902439024390244,
        "5_arch_overlap": 0.926829268292683
    },
    "grass-spack-v0.15.0-grass-spack-v0.15.3": {
        "spec1": "grass-spack-v0.15.0",
        "spec2": "grass-spack-v0.15.3",
        "1_package_name_overlap": 1.0,
        "2_package_name_version_exact": 1.0,