{
    "exa-spack-v0.15.0-exa-spack-v0.15.0": {
        "spec1": "exa-spack-v0.15.0",
        "spec2": "exa-spack-v0.15.0",
        "1_package_name_overlap": 1,
        "2_package_name_version_exact": 1,
        "3_package_weighted_versions": 1,
        "4_parameter_overlap": 1,
        "5_arch_overlap": 1
    },
    "exa-spack-v0.15.0-exa-spack-v0.15.1": {
        "spec1": "exa-spack-v0.15.0",
        "spec2": "exa-spack-v0.15.1",
        "1_package_name_overlap": 1.0,
        "2_package_name_version_exact": 1.0,
        "3_package_weighted_versions": 1.0,
        "4_parameter_overlap": 0.5555555555555556,
        "5_arch_overlap": 0.9259259259259259
    },
    "exa-spack-v0.15.0-exa-spack-v0.15.2": {
        "spec1": "exa-spack-v0.15.0",
        "spec2": "exa-spack-v0.15.2",
        "1_package_name_overlap": 1.0,
        "2_package_name_version_exact": 1.0,
        "3_package_weighted_versions": 1.0,
        "4_parameter_overlap": 0.5555555555555556,
        "5_arch_overlap": 0.9259259259259259
    },
    "exa-spack-v0.15.0-exa-spack-v0.15.3": {
        "spec1": "exa-spack-v0.15.0",
        "spec2": "exa-spack-v0.15.3",
        "1_package_name_overlap": 1.0,
        "2_package_name_version_exact": 1.0,
        "3_package_weighted_versions": 1.0,
        "4_parameter_overlap": 0.5555555555555556,
        "5_arch_overlap": 0.9259259259259259
    },
    "exa-spack-v0.15.0-exa-spack-v0.15.4": {
        "spec1": "exa-spack-v0.15.0",
        "spec2": "exa-spack-v0.15.4",
        "1_package_name_overlap": 1.0,
        "2_package_name_version_exact": 1.0,
        "3_package_weighted_versions": 1.0,
        "4_parameter_overlap": 0.5555555555555556,
        "5_arch_overlap": 0.9259259259259259
    },
    "exa-spack-v0.15.0-exa-spack-v0.16.0": {
        "spec1": "exa-spack-v0.15.0",
        "spec2": "exa-spack-v0.16.0",
        "1_package_name_overlap": 0.9310344827586207,
        "2_package_name_version_exact": 0.5135135135135135,
        "3_package_weighted_versions": 0.6551724137931034,
        "4_parameter_overlap": 0.49942528735632186,
        "5_arch_overlap": 0.8620689655172413
    },
    "exa-spack-v0.15.0-exa-spack-v0.16.1": {
        "spec1": "exa-spack-v0.15.0",
        "spec2": "exa-spack-v0.16.1",
        "1_package_name_overlap": 0.9310344827586207,
        "2_package_name_version_exact": 0.5135135135135135,
        "3_package_weighted_versions": 0.6551724137931034,
        "4_parameter_overlap": 0.49942528735632186,
        "5_arch_overlap": 0.8620689655172413
    },
    "exa-spack-v0.15.1-exa-spack-v0.15.1": {
        "spec1": "exa-spack-v0.15.1",
        "spec2": "exa-spack-v0.15.1",
        "1_package_name_overlap": 1,
        "2_package_name_version_exact": 1,
        "3_package_weighted_versions": 1,
        "4_parameter_overlap": 1,
        "5_arch_overlap": 1
    },
    "exa-spack-v0.15.1-exa-spack-v0.15.2": {
        "spec1": "exa-spack-v0.15.1",
        "spec2": "exa-spack-v0.15.2",
        "1_package_name_overlap": 1.0,
        "2_package_name_version_exact": 1.0,
        "3_package_weighted_versions": 1.0,
        "4_parameter_overlap": 0.5555555555555556,
        "5_arch_overlap": 0.9259259259259259
    },
    "exa-spack-v0.15.1-exa-spack-v0.15.3": {
        "spec1": "exa-spack-v0.15.1",
        "spec2": "exa-spack-v0.15.3",
        "1_package_name_overlap": 1.0,
        "2_package_name_version_exact": 1.0,
        "3_package_weighted_versions": 1.0,
        "4_parameter_overlap": 0.5555555555555556,
        "5_arch_overlap": 0.9259259259259259
    },
    "exa-spack-v0.15.1-exa-spack-v0.15.4": {
        "spec1": "exa-spack-v0.15.1",
        "spec2": "exa-spack-v0.15.4",
        "1_package_name_overlap": 1.0,
        "2_package_name_version_exact": 1.0,
        "3_package_weighted_versions": 1.0,
        "4_parameter_overlap": 0.5555555555555556,
        "5_arch_overlap": 0.9259259259259259
    },
    "exa-spack-v0.15.1-exa-spack-v0.16.0": {
        "spec1": "exa-spack-v0.15.1",
        "spec2": "exa-spack-v0.16.0",
        "1_package_name_overlap": 0.9310344827586207,
        "2_package_name_version_exact": 0.5135135135135135,
        "3_package_weighted_versions": 0.6551724137931034,
        "4_parameter_overlap": 0.49942528735632186,
        "5_arch_overlap": 0.8620689655172413
    },
    "exa-spack-v0.15.1-exa-spack-v0.16.1": {
        "spec1": "exa-spack-v0.15.1",
        "spec2": "exa-spack-v0.16.1",
        "1_package_name_overlap": 0.9310344827586207,
        "2_package_name_version_exact": 0.5135135135135135,
        "3_package_weighted_versions": 0.6551724137931034,
        "4_parameter_overlap": 0.49942528735632186,
        "5_arch_overlap": 0.8620689655172413
    },
    "exa-spack-v0.15.2-exa-spack-v0.15.2": {
        "spec1": "exa-spack-v0.15.2",
        "spec2": "exa-spack-v0.15.2",
        "1_package_name_overlap": 1,
        "2_package_name_version_exact": 1,
        "3_package_weighted_versions": 1,
        "4_parameter_overlap": 1,
        "5_arch_overlap": 1
    },
    "exa-spack-v0.15.2-exa-spack-v0.15.3": {
        "spec1": "exa-spack-v0.15.2",
        "spec2": "exa-spack-v0.15.3",
        "1_package_name_overlap": 1.0,
        "2_package_name_version_exact": 1.0,
        "3_package_weighted_versions": 1.0,
        "4_parameter_overlap": 0.5555555555555556,
        "5_arch_overlap": 0.9259259259259259
    },
    "exa-spack-v0.15.2-exa-spack-v0.15.4": {
        "spec1": "exa-spack-v0.15.2",
        "spec2": "exa-spack-v0.15.4",
        "1_package_name_overlap": 1.0,
        "2_package_name_version_exact": 1.0,
        "3_package_weighted_versions": 1.0,
        "4_parameter_overlap": 0.5555555555555556,
        "5_arch_overlap": 0.9259259259259259
    },
    "exa-spack-v0.15.2-exa-spack-v0.16.0": {
        "spec1": "exa-spack-v0.15.2",
        "spec2": "exa-spack-v0.16.0",
        "1_package_name_overlap": 0.9310344827586207,
        "2_package_name_version_exact": 0.5135135135135135,
        "3_package_weighted_versions": 0.6551724137931034,
        "4_parameter_overlap": 0.49942528735632186,
        "5_arch_overlap": 0.8620689655172413
    },
    "exa-spack-v0.15.2-exa-spack-v0.16.1": {
        "spec1": "exa-spack-v0.15.2",
        "spec2": "exa-spack-v0.16.1",
        "1_package_name_overlap": 0.9310344827586207,
        "2_package_name_version_exact": 0.5135135135135135,
        "3_package_weighted_versions": 0.6551724137931034,
        "4_parameter_overlap": 0.49942528735632186,
        "5_arch_overlap": 0.8620689655172413
    },
    "exa-spack-v0.15.3-exa-spack-v0.15.3": {
        "spec1": "exa-spack-v0.15.3",
        "spec2": "exa-spack-v0.15.3",
        "1_package_name_overlap": 1,
        "2_package_name_version_exact": 1,
        "3_package_weighted_versions": 1,
        "4_parameter_overlap": 1,
        "5_arch_overlap": 1
    },
    "exa-spack-v0.15.3-exa-spack-v0.15.4": {
        "spec1": "exa-spack-v0.15.3",
        "spec2": "exa-spack-v0.15.4",
        "1_package_name_overlap": 1.0,
        "2_package_name_version_exact": 1.0,
        "3_package_weighted_versions": 1.0,
        "4_parameter_overlap": 0.5555555555555556,
        "5_arch_overlap": 0.9259259259259259
    },
    "exa-spack-v0.15.3-exa-spack-v0.16.0": {
        "spec1": "exa-spack-v0.15.3",
        "spec2": "exa-spack-v0.16.0",
        "1_package_name_overlap": 0.9310344827586207,
        "2_package_name_version_exact": 0.5135135135135135,
        "3_package_weighted_versions": 0.6551724137931034,
        "4_parameter_overlap": 0.49942528735632186,
        "5_arch_overlap": 0.8620689655172413
    },
    "exa-spack-v0.15.3-exa-spack-v0.16.1": {
        "spec1": "exa-spack-v0.15.3",
        "spec2": "exa-spack-v0.16.1",
        "1_package_name_overlap": 0.9310344827586207,
        "2_package_name_version_exact": 0.5135135135135135,
        "3_package_weighted_versions": 0.6551724137931034,
        "4_parameter_overlap": 0.49942528735632186,
        "5_arch_overlap": 0.8620689655172413
    },