{
    "py-basemap-spack-v0.11.0-py-basemap-spack-v0.11.0": {
        "spec1": "py-basemap-spack-v0.11.0",
        "spec2": "py-basemap-spack-v0.11.0",
        "1_package_name_overlap": 1,
        "2_package_name_version_exact": 1,
        "3_package_weighted_versions": 1,
        "4_parameter_overlap": 1,
        "5_arch_overlap": 1
    },
    "py-basemap-spack-v0.11.0-py-basemap-spack-v0.11.1": {
        "spec1": "py-basemap-spack-v0.11.0",
        "spec2": "py-basemap-spack-v0.11.1",
        "1_package_name_overlap": 1.0,
        "2_package_name_version_exact": 1.0,
        "3_package_weighted_versions": 1.0,
        "4_parameter_overlap": 0.23684210526315788,
        "5_arch_overlap": 0.9210526315789473
    },
    "py-basemap-spack-v0.11.0-py-basemap-spack-v0.11.2": {
        "spec1": "py-basemap-spack-v0.11.0",
        "spec2": "py-basemap-spack-v0.11.2",
        "1_package_name_overlap": 1.0,
        "2_package_name_version_exact": 0.8536585365853658,
        "3_package_weighted_versions": 0.9708244971402867,
        "4_parameter_overlap": 0.23684210526315788,
        "5_arch_overlap": 0.9210526315789473
    },
    "py-basemap-spack-v0.11.0-py-basemap-spack-v0.14.0": {
        "spec1": "py-basemap-spack-v0.11.0",
        "spec2": "py-basemap-spack-v0.14.0",
        "1_package_name_overlap": 0.3559322033898305,
        "2_package_name_version_exact": 0.03896103896103896,
        "3_package_weighted_versions": 0.09631583265415757,
        "4_parameter_overlap": 0.07163034705407587,
        "5_arch_overlap": 0.16101694915254236
    },
    "py-basemap-spack-v0.11.0-py-basemap-spack-v0.14.1": {
        "spec1": "py-basemap-spack-v0.11.0",
        "spec2": "py-basemap-spack-v0.14.1",
        "1_package_name_overlap": 0.3559322033898305,
        "2_package_name_version_exact": 0.03896103896103896,
        "3_package_weighted_versions": 0.09631583265415757,
        "4_parameter_overlap": 0.07163034705407587,
        "5_arch_overlap": 0.16101694915254236
    },
    "py-basemap-spack-v0.11.0-py-basemap-spack-v0.14.2": {
        "spec1": "py-basemap-spack-v0.11.0",
        "spec2": "py-basemap-spack-v0.14.2",
        "1_package_name_overlap": 0.3559322033898305,
        "2_package_name_version_exact": 0.03896103896103896,
        "3_package_weighted_versions": 0.09631583265415757,
        "4_parameter_overlap": 0.07163034705407587,
        "5_arch_overlap": 0.16101694915254236
    },
    "py-basemap-spack-v0.11.0-py-basemap-spack-v0.16.1": {
        "spec1": "py-basemap-spack-v0.11.0",
        "spec2": "py-basemap-spack-v0.16.1",
        "1_package_name_overlap": 0.3283582089552239,
        "2_package_name_version_exact": 0.03488372093023256,
        "3_package_weighted_versions": 0.05111940298507463,
        "4_parameter_overlap": 0.08519900497512439,
        "5_arch_overlap": 0.14925373134328357
    },
    "py-basemap-spack-v0.11.1-py-basemap-spack-v0.11.1": {
        "spec1": "py-basemap-spack-v0.11.1",
        "spec2": "py-basemap-spack-v0.11.1",
        "1_package_name_overlap": 1,
        "2_package_name_version_exact": 1,
        "3_package_weighted_versions": 1,
        "4_parameter_overlap": 1,
        "5_arch_overlap": 1
    },
    "py-basemap-spack-v0.11.1-py-basemap-spack-v0.11.2": {
        "spec1": "py-basemap-spack-v0.11.1",
        "spec2": "py-basemap-spack-v0.11.2",
        "1_package_name_overlap": 1.0,
        "2_package_name_version_exact": 0.8536585365853658,
        "3_package_weighted_versions": 0.9708244971402867,
        "4_parameter_overlap": 0.23684210526315788,
        "5_arch_overlap": 0.9210526315789473
    },
    "py-basemap-spack-v0.11.1-py-basemap-spack-v0.14.0": {
        "spec1": "py-basemap-spack-v0.11.1",
        "spec2": "py-basemap-spack-v0.14.0",
        "1_package_name_overlap": 0.3559322033898305,
        "2_package_name_version_exact": 0.03896103896103896,
        "3_package_weighted_versions": 0.09631583265415757,
        "4_parameter_overlap": 0.07163034705407587,
        "5_arch_overlap": 0.16101694915254236
    },
    "py-basemap-spack-v0.11.1-py-basemap-spack-v0.14.1": {
        "spec1": "py-basemap-spack-v0.11.1",
        "spec2": "py-basemap-spack-v0.14.1",
        "1_package_name_overlap": 0.3559322033898305,
        "2_package_name_version_exact": 0.03896103896103896,
        "3_package_weighted_versions": 0.09631583265415757,
        "4_parameter_overlap": 0.07163034705407587,
        "5_arch_overlap": 0.16101694915254236
    },
    "py-basemap-spack-v0.11.1-py-basemap-spack-v0.14.2": {
        "spec1": "py-basemap-spack-v0.11.1",
        "spec2": "py-basemap-spack-v0.14.2",
        "1_package_name_overlap": 0.3559322033898305,
        "2_package_name_version_exact": 0.03896103896103896,
        "3_package_weighted_versions": 0.09631583265415757,
        "4_parameter_overlap": 0.07163034705407587,
        "5_arch_overlap": 0.16101694915254236
    },
    "py-basemap-spack-v0.11.1-py-basemap-spack-v0.16.1": {
        "spec1": "py-basemap-spack-v0.11.1",
        "spec2": "py-basemap-spack-v0.16.1",
        "1_package_name_overlap": 0.3283582089552239,
        "2_package_name_version_exact": 0.03488372093023256,
        "3_package_weighted_versions": 0.05111940298507463,
        "4_parameter_overlap": 0.08519900497512439,
        "5_arch_overlap": 0.14925373134328357
    },
    "py-basemap-spack-v0.11.2-py-basemap-spack-v0.11.2": {
        "spec1": "py-basemap-spack-v0.11.2",
        "spec2": "py-basemap-spack-v0.11.2",
        "1_package_name_overlap": 1,
        "2_package_name_version_exact": 1,
        "3_package_weighted_versions": 1,
        "4_parameter_overlap": 1,
        "5_arch_overlap": 1
    },
    "py-basemap-spack-v0.11.2-py-basemap-spack-v0.14.0": {
        "spec1": "py-basemap-spack-v0.11.2",
        "spec2": "py-basemap-spack-v0.14.0",
        "1_package_name_overlap": 0.3559322033898305,
        "2_package_name_version_exact": 0.03896103896103896,
        "3_package_weighted_versions": 0.09815768195363397,
        "4_parameter_overlap": 0.07163034705407587,
        "5_arch_overlap": 0.16101694915254236
    },
    "py-basemap-spack-v0.11.2-py-basemap-spack-v0.14.1": {
        "spec1": "py-basemap-spack-v0.11.2",
        "spec2": "py-basemap-spack-v0.14.1",
        "1_package_name_overlap": 0.3559322033898305,
        "2_package_name_version_exact": 0.03896103896103896,
        "3_package_weighted_versions": 0.09815768195363397,
        "4_parameter_overlap": 0.07163034705407587,
        "5_arch_overlap": 0.16101694915254236
    },
    "py-basemap-spack-v0.11.2-py-basemap-spack-v0.14.2": {
        "spec1": "py-basemap-spack-v0.11.2",
        "spec2": "py-basemap-spack-v0.14.2",
        "1_package_name_overlap": 0.3559322033898305,
        "2_package_name_version_exact": 0.03896103896103896,
        "3_package_weighted_versions": 0.09815768195363397,
        "4_parameter_overlap": 0.07163034705407587,
        "5_arch_overlap": 0.16101694915254236
    },
    "py-basemap-spack-v0.11.2-py-basemap-spack-v0.16.1": {
        "spec1": "py-basemap-spack-v0.11.2",
        "spec2": "py-basemap-spack-v0.16.1",
        "1_package_name_overlap": 0.3283582089552239,
        "2_package_name_version_exact": 0.03488372093023256,
        "3_package_weighted_versions": 0.052741329980135955,
        "4_parameter_overlap": 0.08519900497512439,
        "5_arch_overlap": 0.14925373134328357
    },
    "py-basemap-spack-v0.14.0-py-basemap-spack-v0.14.0": {
        "spec1": "py-basemap-spack-v0.14.0",
        "spec2": "py-basemap-spack-v0.14.0",
        "1_package_name_overlap": 1,
        "2_package_name_version_exact": 1,
        "3_package_weighted_versions": 1,
        "4_parameter_overlap": 1,
        "5_arch_overlap": 1
    },
    "py-basemap-spack-v0.14.0-py-basemap-spack-v0.14.1": {
        "spec1": "py-basemap-spack-v0.14.0",
        "spec2": "py-basemap-spack-v0.14.1",
        "1_package_name_overlap": 1.0,
        "2_package_name_version_exact": 1.0,
        "3_package_weighted_versions": 1.0,