{
    "graphicsmagick-spack-v0.12.0-graphicsmagick-spack-v0.12.0": {
        "spec1": "graphicsmagick-spack-v0.12.0",
        "spec2": "graphicsmagick-spack-v0.12.0",
        "1_package_name_overlap": 1,
        "2_package_name_version_exact": 1,
        "3_package_weighted_versions": 1,
        "4_parameter_overlap": 1,
        "5_arch_overlap": 1
    },
    "graphicsmagick-spack-v0.12.0-graphicsmagick-spack-v0.12.1": {
        "spec1": "graphicsmagick-spack-v0.12.0",
        "spec2": "graphicsmagick-spack-v0.12.1",
        "1_package_name_overlap": 1.0,
        "2_package_name_version_exact": 1.0,
        "3_package_weighted_versions": 1.0,
        "4_parameter_overlap": 0.1111111111111111,
        "5_arch_overlap": 0.9629629629629629
    },
    "graphicsmagick-spack-v0.12.0-graphicsmagick-spack-v0.13.0": {
        "spec1": "graphicsmagick-spack-v0.12.0",
        "spec2": "graphicsmagick-spack-v0.13.0",
        "1_package_name_overlap": 0.20930232558139536,
        "2_package_name_version_exact": 0.13043478260869565,
        "3_package_weighted_versions": 0.15744898868395263,
        "4_parameter_overlap": 0.023255813953488372,
        "5_arch_overlap": 0.10077519379844961
    },
    "graphicsmagick-spack-v0.12.0-graphicsmagick-spack-v0.13.1": {
        "spec1": "graphicsmagick-spack-v0.12.0",
        "spec2": "graphicsmagick-spack-v0.13.1",
        "1_package_name_overlap": 0.20930232558139536,
        "2_package_name_version_exact": 0.13043478260869565,
        "3_package_weighted_versions": 0.15744898868395263,
        "4_parameter_overlap": 0.023255813953488372,
        "5_arch_overlap": 0.10077519379844961
    },
    "graphicsmagick-spack-v0.12.0-graphicsmagick-spack-v0.13.2": {
        "spec1": "graphicsmagick-spack-v0.12.0",
        "spec2": "graphicsmagick-spack-v0.13.2",
        "1_package_name_overlap": 0.20930232558139536,
        "2_package_name_version_exact": 0.13043478260869565,
        "3_package_weighted_versions": 0.15744898868395263,
        "4_parameter_overlap": 0.023255813953488372,
        "5_arch_overlap": 0.10077519379844961
    },
    "graphicsmagick-spack-v0.12.0-graphicsmagick-spack-v0.13.3": {
        "spec1": "graphicsmagick-spack-v0.12.0",
        "spec2": "graphicsmagick-spack-v0.13.3",
        "1_package_name_overlap": 0.20930232558139536,
        "2_package_name_version_exact": 0.13043478260869565,
        "3_package_weighted_versions": 0.15744898868395263,
        "4_parameter_overlap": 0.023255813953488372,
        "5_arch_overlap": 0.10077519379844961
    },
    "graphicsmagick-spack-v0.12.0-graphicsmagick-spack-v0.13.4": {
        "spec1": "graphicsmagick-spack-v0.12.0",
        "spec2": "graphicsmagick-spack-v0.13.4",
        "1_package_name_overlap": 0.20930232558139536,
        "2_package_name_version_exact": 0.13043478260869565,
        "3_package_weighted_versions": 0.15744898868395263,
        "4_parameter_overlap": 0.023255813953488372,
        "5_arch_overlap": 0.10077519379844961
    },
    "graphicsmagick-spack-v0.12.0-graphicsmagick-spack-v0.16.0": {
        "spec1": "graphicsmagick-spack-v0.12.0",
        "spec2": "graphicsmagick-spack-v0.16.0",
        "1_package_name_overlap": 0.18243243243243243,
        "2_package_name_version_exact": 0.08695652173913043,
        "3_package_weighted_versions": 0.10144519519519517,
        "4_parameter_overlap": 0.02027027027027027,
        "5_arch_overlap": 0.08783783783783784
    },
    "graphicsmagick-spack-v0.12.0-graphicsmagick-spack-v0.16.1": {
        "spec1": "graphicsmagick-spack-v0.12.0",
        "spec2": "graphicsmagick-spack-v0.16.1",
        "1_package_name_overlap": 0.18243243243243243,
        "2_package_name_version_exact": 0.08695652173913043,
        "3_package_weighted_versions": 0.10144519519519517,
        "4_parameter_overlap": 0.02027027027027027,
        "5_arch_overlap": 0.08783783783783784
    },
    "graphicsmagick-spack-v0.12.1-graphicsmagick-spack-v0.12.1": {
        "spec1": "graphicsmagick-spack-v0.12.1",
        "spec2": "graphicsmagick-spack-v0.12.1",
        "1_package_name_overlap": 1,
        "2_package_name_version_exact": 1,
        "3_package_weighted_versions": 1,
        "4_parameter_overlap": 1,
        "5_arch_overlap": 1
    },
    "graphicsmagick-spack-v0.12.1-graphicsmagick-spack-v0.13.0": {
        "spec1": "graphicsmagick-spack-v0.12.1",
        "spec2": "graphicsmagick-spack-v0.13.0",
        "1_package_name_overlap": 0.20930232558139536,
        "2_package_name_version_exact": 0.13043478260869565,
        "3_package_weighted_versions": 0.15744898868395263,
        "4_parameter_overlap": 0.023255813953488372,
        "5_arch_overlap": 0.10077519379844961
    },
    "graphicsmagick-spack-v0.12.1-graphicsmagick-spack-v0.13.1": {
        "spec1": "graphicsmagick-spack-v0.12.1",
        "spec2": "graphicsmagick-spack-v0.13.1",
        "1_package_name_overlap": 0.20930232558139536,
        "2_package_name_version_exact": 0.13043478260869565,
        "3_package_weighted_versions": 0.15744898868395263,
        "4_parameter_overlap": 0.023255813953488372,
        "5_arch_overlap": 0.10077519379844961
    },
    "graphicsmagick-spack-v0.12.1-graphicsmagick-spack-v0.13.2": {
        "spec1": "graphicsmagick-spack-v0.12.1",
        "spec2": "graphicsmagick-spack-v0.13.2",
        "1_package_name_overlap": 0.20930232558139536,
        "2_package_name_version_exact": 0.13043478260869565,
        "3_package_weighted_versions": 0.15744898868395263,
        "4_parameter_overlap": 0.023255813953488372,
        "5_arch_overlap": 0.10077519379844961
    },
    "graphicsmagick-spack-v0.12.1-graphicsmagick-spack-v0.13.3": {
        "spec1": "graphicsmagick-spack-v0.12.1",
        "spec2": "graphicsmagick-spack-v0.13.3",
        "1_package_name_overlap": 0.20930232558139536,
        "2_package_name_version_exact": 0.13043478260869565,
        "3_package_weighted_versions": 0.15744898868395263,
        "4_parameter_overlap": 0.023255813953488372,
        "5_arch_overlap": 0.10077519379844961
    },
    "graphicsmagick-spack-v0.12.1-graphicsmagick-spack-v0.13.4": {
        "spec1": "graphicsmagick-spack-v0.12.1",
        "spec2": "graphicsmagick-spack-v0.13.4",
        "1_package_name_overlap": 0.20930232558139536,
        "2_package_name_version_exact": 0.13043478260869565,
        "3_package_weighted_versions": 0.15744898868395263,
        "4_parameter_overlap": 0.023255813953488372,
        "5_arch_overlap": 0.10077519379844961
    },
    "graphicsmagick-spack-v0.12.1-graphicsmagick-spack-v0.16.0": {
        "spec1": "graphicsmagick-spack-v0.12.1",
        "spec2": "graphicsmagick-spack-v0.16.0",
        "1_package_name_overlap": 0.18243243243243243,
        "2_package_name_version_exact": 0.08695652173913043,
        "3_package_weighted_versions": 0.10144519519519517,
        "4_parameter_overlap": 0.02027027027027027,
        "5_arch_overlap": 0.08783783783783784
    },
    "graphicsmagick-spack-v0.12.1-graphicsmagick-spack-v0.16.1": {
        "spec1": "graphicsmagick-spack-v0.12.1",
        "spec2": "graphicsmagick-spack-v0.16.1",
        "1_package_name_overlap": 0.18243243243243243,
        "2_package_name_version_exact": 0.08695652173913043,
        "3_package_weighted_versions": 0.10144519519519517,
        "4_parameter_overlap": 0.02027027027027027,
        "5_arch_overlap": 0.08783783783783784
    },
    "graphicsmagick-spack-v0.13.0-graphicsmagick-spack-v0.13.0": {
        "spec1": "graphicsmagick-spack-v0.13.0",
        "spec2": "graphicsmagick-spack-v0.13.0",
        "1_package_name_overlap": 1,
        "2_package_name_version_exact": 1,
        "3_package_weighted_versions": 1,
        "4_parameter_overlap": 1,
        "5_arch_overlap": 1
    },
    "graphicsmagick-spack-v0.13.0-graphicsmagick-spack-v0.13.1": {
        "spec1": "graphicsmagick-spack-v0.13.0",
        "spec2": "graphicsmagick-spack-v0.13.1",
        "1_package_name_overlap": 1.0,
        "2_package_name_version_exact": 1.0,