{
    "ctffind-spack-v0.11.2-ctffind-spack-v0.11.2": {
        "spec1": "ctffind-spack-v0.11.2",
        "spec2": "ctffind-spack-v0.11.2",
        "1_package_name_overlap": 1,
        "2_package_name_version_exact": 1,
        "3_package_weighted_versions": 1,
        "4_parameter_overlap": 1,
        "5_arch_overlap": 1
    },
    "ctffind-spack-v0.11.2-ctffind-spack-v0.13.0": {
        "spec1": "ctffind-spack-v0.11.2",
        "spec2": "ctffind-spack-v0.13.0",
        "1_package_name_overlap": 0.3875968992248062,
        "2_package_name_version_exact": 0.10493827160493827,
        "3_package_weighted_versions": 0.13178294573643412,
        "4_parameter_overlap": 0.05829854899622342,
        "5_arch_overlap": 0.1821705426356589
    },
    "ctffind-spack-v0.11.2-ctffind-spack-v0.13.1": {
        "spec1": "ctffind-spack-v0.11.2",
        "spec2": "ctffind-spack-v0.13.1",
        "1_package_name_overlap": 0.3875968992248062,
        "2_package_name_version_exact": 0.10493827160493827,
        "3_package_weighted_versions": 0.13178294573643412,
        "4_parameter_overlap": 0.05829854899622342,
        "5_arch_overlap": 0.1821705426356589
    },
    "ctffind-spack-v0.11.2-ctffind-spack-v0.13.2": {
        "spec1": "ctffind-spack-v0.11.2",
        "spec2": "ctffind-spack-v0.13.2",
        "1_package_name_overlap": 0.3875968992248062,
        "2_package_name_version_exact": 0.10493827160493827,
        "3_package_weighted_versions": 0.13178294573643412,
        "4_parameter_overlap": 0.05829854899622342,
        "5_arch_overlap": 0.1821705426356589
    },
    "ctffind-spack-v0.11.2-ctffind-spack-v0.13.3": {
        "spec1": "ctffind-spack-v0.11.2",
        "spec2": "ctffind-spack-v0.13.3",
        "1_package_name_overlap": 0.3875968992248062,
        "2_package_name_version_exact": 0.10493827160493827,
        "3_package_weighted_versions": 0.13178294573643412,
        "4_parameter_overlap": 0.05829854899622342,
        "5_arch_overlap": 0.1821705426356589
    },
    "ctffind-spack-v0.11.2-ctffind-spack-v0.13.4": {
        "spec1": "ctffind-spack-v0.11.2",
        "spec2": "ctffind-spack-v0.13.4",
        "1_package_name_overlap": 0.3875968992248062,
        "2_package_name_version_exact": 0.10493827160493827,
        "3_package_weighted_versions": 0.13178294573643412,
        "4_parameter_overlap": 0.05829854899622342,
        "5_arch_overlap": 0.1821705426356589
    },
    "ctffind-spack-v0.13.0-ctffind-spack-v0.13.0": {
        "spec1": "ctffind-spack-v0.13.0",
        "spec2": "ctffind-spack-v0.13.0",
        "1_package_name_overlap": 1,
        "2_package_name_version_exact": 1,
        "3_package_weighted_versions": 1,
        "4_parameter_overlap": 1,
        "5_arch_overlap": 1
    },
    "ctffind-spack-v0.13.0-ctffind-spack-v0.13.1": {
        "spec1": "ctffind-spack-v0.13.0",
        "spec2": "ctffind-spack-v0.13.1",
        "1_package_name_overlap": 1.0,
        "2_package_name_version_exact": 1.0,
        "3_package_weighted_versions": 1.0,
        "4_parameter_overlap": 0.2421875,
        "5_arch_overlap": 0.96875
    },
    "ctffind-spack-v0.13.0-ctffind-spack-v0.13.2": {
        "spec1": "ctffind-spack-v0.13.0",
        "spec2": "ctffind-spack-v0.13.2",
        "1_package_name_overlap": 1.0,
        "2_package_name_version_exact": 1.0,
        "3_package_weighted_versions": 1.0,
        "4_parameter_overlap": 0.2421875,
        "5_arch_overlap": 0.96875
    },
    "ctffind-spack-v0.13.0-ctffind-spack-v0.13.3": {
        "spec1": "ctffind-spack-v0.13.0",
        "spec2": "ctffind-spack-v0.13.3",
        "1_package_name_overlap": 1.0,
        "2_package_name_version_exact": 1.0,
        "3_package_weighted_versions": 1.0,
        "4_parameter_overlap": 0.2421875,
        "5_arch_overlap": 0.96875
    },
    "ctffind-spack-v0.13.0-ctffind-spack-v0.13.4": {
        "spec1": "ctffind-spack-v0.13.0",
        "spec2": "ctffind-spack-v0.13.4",
        "1_package_name_overlap": 1.0,
        "2_package_name_version_exact": 1.0,
        "3_package_weighted_versions": 1.0,
        "4_parameter_overlap": 0.2421875,
        "5_arch_overlap": 0.96875
    },
    "ctffind-spack-v0.13.1-ctffind-spack-v0.13.1": {
        "spec1": "ctffind-spack-v0.13.1",
        "spec2": "ctffind-spack-v0.13.1",
        "1_package_name_overlap": 1,
        "2_package_name_version_exact": 1,
        "3_package_weighted_versions": 1,
        "4_parameter_overlap": 1,
        "5_arch_overlap": 1
    },
    "ctffind-spack-v0.13.1-ctffind-spack-v0.13.2": {
        "spec1": "ctffind-spack-v0.13.1",
        "spec2": "ctffind-spack-v0.13.2",
        "1_package_name_overlap": 1.0,
        "2_package_name_version_exact": 1.0,
        "3_package_weighted_versions": 1.0,
        "4_parameter_overlap": 0.2421875,
        "5_arch_overlap": 0.96875
    },
    "ctffind-spack-v0.13.1-ctffind-spack-v0.13.3": {
        "spec1": "ctffind-spack-v0.13.1",
        "spec2": "ctffind-spack-v0.13.3",
        "1_package_name_overlap": 1.0,
        "2_package_name_version_exact": 1.0,
        "3_package_weighted_versions": 1.0,
        "4_parameter_overlap": 0.2421875,
        "5_arch_overlap": 0.96875
    },
    "ctffind-spack-v0.13.1-ctffind-spack-v0.13.4": {
        "spec1": "ctffind-spack-v0.13.1",
        "spec2": "ctffind-spack-v0.13.4",
        "1_package_name_overlap": 1.0,
        "2_package_name_version_exact": 1.0,
        "3_package_weighted_versions": 1.0,
        "4_parameter_overlap": 0.2421875,
        "5_arch_overlap": 0.96875
    },
    "ctffind-spack-v0.13.2-ctffind-spack-v0.13.2": {
        "spec1": "ctffind-spack-v0.13.2",
        "spec2": "ctffind-spack-v0.13.2",
        "1_package_name_overlap": 1,
        "2_package_name_version_exact": 1,
        "3_package_weighted_versions": 1,
        "4_parameter_overlap": 1,
        "5_arch_overlap": 1
    },
    "ctffind-spack-v0.13.2-ctffind-spack-v0.13.3": {
        "spec1": "ctffind-spack-v0.13.2",
        "spec2": "ctffind-spack-v0.13.3",
        "1_package_name_overlap": 1.0,
        "2_package_name_version_exact": 1.0,
        "3_package_weighted_versions": 1.0,
        "4_parameter_overlap": 0.2421875,
        "5_arch_overlap": 0.96875
    },
    "ctffind-spack-v0.13.2-ctffind-spack-v0.13.4": {
        "spec1": "ctffind-spack-v0.13.2",
        "spec2": "ctffind-spack-v0.13.4",
        "1_package_name_overlap": 1.0,
        "2_package_name_version_exact": 1.0,
        "3_package_weighted_versions": 1.0,
        "4_parameter_overlap": 0.2421875,
        "5_arch_overlap": 0.96875
    },
    "ctffind-spack-v0.13.3-ctffind-spack-v0.13.3": {
        "spec1": "ctffind-spack-v0.13.3",
        "spec2": "ctffind-spack-v0.13.3",
        "1_package_name_overlap": 1,
        "2_package_name_version_exact": 1,
        "3_package_weighted_versions": 1,
        "4_parameter_overlap": 1,
        "5_arch_overlap": 1
    },
    "ctffind-spack-v0.13.3-ctffind-spack-v0.13.4": {
        "spec1": "ctffind-spack-v0.13.3",
        "spec2": "ctffind-spack-v0.13.4",
        "1_package_name_overlap": 1.0,
        "2_package_name_version_exact": 1.0,
        "3_package_weighted_versions": 1.0,
        "4_parameter_overlap": 0.2421875,
        "5_arch_overlap": 0.96875
    },
    "ctffind-spack-v0.13.4-ctffind-spack-v0.13.4": {
        "spec1": "ctffind-spack-v0.13.4",
        "spec2": "ctffind-spack-v0.13.4",
        "1_package_name_overlap": 1,
        "2_package_name_version_exact": 1,
        "3_package_weighted_versions": 1,
        "4_parameter_overlap": 1,
        "5_arch_overlap": 1
    }
}