{
    "catalyst-spack-v0.11.2-catalyst-spack-v0.11.2": {
        "spec1": "catalyst-spack-v0.11.2",
        "spec2": "catalyst-spack-v0.11.2",
        "1_package_name_overlap": 1,
        "2_package_name_version_exact": 1,
        "3_package_weighted_versions": 1,
        "4_parameter_overlap": 1,
        "5_arch_overlap": 1
    },
    "catalyst-spack-v0.11.2-catalyst-spack-v0.12.0": {
        "spec1": "catalyst-spack-v0.11.2",
        "spec2": "catalyst-spack-v0.12.0",
        "1_package_name_overlap": 0.9565217391304348,
        "2_package_name_version_exact": 0.25,
        "3_package_weighted_versions": 0.5738550993960175,
        "4_parameter_overlap": 0.31521739130434784,
        "5_arch_overlap": 0.8260869565217391
    },
    "catalyst-spack-v0.11.2-catalyst-spack-v0.12.1": {
        "spec1": "catalyst-spack-v0.11.2",
        "spec2": "catalyst-spack-v0.12.1",
        "1_package_name_overlap": 0.9565217391304348,
        "2_package_name_version_exact": 0.25,
        "3_package_weighted_versions": 0.5738550993960175,
        "4_parameter_overlap": 0.31521739130434784,
        "5_arch_overlap": 0.8260869565217391
    },
    "catalyst-spack-v0.11.2-catalyst-spack-v0.13.0": {
        "spec1": "catalyst-spack-v0.11.2",
        "spec2": "catalyst-spack-v0.13.0",
        "1_package_name_overlap": 0.36666666666666664,
        "2_package_name_version_exact": 0.0379746835443038,
        "3_package_weighted_versions": 0.05210970464135037,
        "4_parameter_overlap": 0.09722222222222222,
        "5_arch_overlap": 0.15833333333333333
    },
    "catalyst-spack-v0.11.2-catalyst-spack-v0.13.1": {
        "spec1": "catalyst-spack-v0.11.2",
        "spec2": "catalyst-spack-v0.13.1",
        "1_package_name_overlap": 0.36666666666666664,
        "2_package_name_version_exact": 0.0379746835443038,
        "3_package_weighted_versions": 0.05210970464135037,
        "4_parameter_overlap": 0.09722222222222222,
        "5_arch_overlap": 0.15833333333333333
    },
    "catalyst-spack-v0.11.2-catalyst-spack-v0.13.2": {
        "spec1": "catalyst-spack-v0.11.2",
        "spec2": "catalyst-spack-v0.13.2",
        "1_package_name_overlap": 0.36666666666666664,
        "2_package_name_version_exact": 0.0379746835443038,
        "3_package_weighted_versions": 0.05210970464135037,
        "4_parameter_overlap": 0.09722222222222222,
        "5_arch_overlap": 0.15833333333333333
    },
    "catalyst-spack-v0.11.2-catalyst-spack-v0.13.3": {
        "spec1": "catalyst-spack-v0.11.2",
        "spec2": "catalyst-spack-v0.13.3",
        "1_package_name_overlap": 0.36666666666666664,
        "2_package_name_version_exact": 0.0379746835443038,
        "3_package_weighted_versions": 0.05210970464135037,
        "4_parameter_overlap": 0.09722222222222222,
        "5_arch_overlap": 0.15833333333333333
    },
    "catalyst-spack-v0.11.2-catalyst-spack-v0.13.4": {
        "spec1": "catalyst-spack-v0.11.2",
        "spec2": "catalyst-spack-v0.13.4",
        "1_package_name_overlap": 0.36666666666666664,
        "2_package_name_version_exact": 0.0379746835443038,
        "3_package_weighted_versions": 0.05210970464135037,
        "4_parameter_overlap": 0.09722222222222222,
        "5_arch_overlap": 0.15833333333333333
    },
    "catalyst-spack-v0.12.0-catalyst-spack-v0.12.0": {
        "spec1": "catalyst-spack-v0.12.0",
        "spec2": "catalyst-spack-v0.12.0",
        "1_package_name_overlap": 1,
        "2_package_name_version_exact": 1,
        "3_package_weighted_versions": 1,
        "4_parameter_overlap": 1,
        "5_arch_overlap": 1
    },
    "catalyst-spack-v0.12.0-catalyst-spack-v0.12.1": {
        "spec1": "catalyst-spack-v0.12.0",
        "spec2": "catalyst-spack-v0.12.1",
        "1_package_name_overlap": 1.0,
        "2_package_name_version_exact": 1.0,
        "3_package_weighted_versions": 1.0,
        "4_parameter_overlap": 0.391304347826087,
        "5_arch_overlap": 0.8695652173913043
    },
    "catalyst-spack-v0.12.0-catalyst-spack-v0.13.0": {
        "spec1": "catalyst-spack-v0.12.0",
        "spec2": "catalyst-spack-v0.13.0",
        "1_package_name_overlap": 0.38333333333333336,
        "2_package_name_version_exact": 0.07792207792207792,
        "3_package_weighted_versions": 0.17791250725684288,
        "4_parameter_overlap": 0.10138888888888889,
        "5_arch_overlap": 0.16666666666666666
    },
    "catalyst-spack-v0.12.0-catalyst-spack-v0.13.1": {
        "spec1": "catalyst-spack-v0.12.0",
        "spec2": "catalyst-spack-v0.13.1",
        "1_package_name_overlap": 0.38333333333333336,
        "2_package_name_version_exact": 0.07792207792207792,
        "3_package_weighted_versions": 0.17791250725684288,
        "4_parameter_overlap": 0.10138888888888889,
        "5_arch_overlap": 0.16666666666666666
    },
    "catalyst-spack-v0.12.0-catalyst-spack-v0.13.2": {
        "spec1": "catalyst-spack-v0.12.0",
        "spec2": "catalyst-spack-v0.13.2",
        "1_package_name_overlap": 0.38333333333333336,
        "2_package_name_version_exact": 0.07792207792207792,
        "3_package_weighted_versions": 0.17791250725684288,
        "4_parameter_overlap": 0.10138888888888889,
        "5_arch_overlap": 0.16666666666666666
    },
    "catalyst-spack-v0.12.0-catalyst-spack-v0.13.3": {
        "spec1": "catalyst-spack-v0.12.0",
        "spec2": "catalyst-spack-v0.13.3",
        "1_package_name_overlap": 0.38333333333333336,
        "2_package_name_version_exact": 0.07792207792207792,
        "3_package_weighted_versions": 0.17791250725684288,
        "4_parameter_overlap": 0.10138888888888889,
        "5_arch_overlap": 0.16666666666666666
    },
    "catalyst-spack-v0.12.0-catalyst-spack-v0.13.4": {
        "spec1": "catalyst-spack-v0.12.0",
        "spec2": "catalyst-spack-v0.13.4",
        "1_package_name_overlap": 0.38333333333333336,
        "2_package_name_version_exact": 0.07792207792207792,
        "3_package_weighted_versions": 0.17791250725684288,
        "4_parameter_overlap": 0.10138888888888889,
        "5_arch_overlap": 0.16666666666666666
    },
    "catalyst-spack-v0.12.1-catalyst-spack-v0.12.1": {
        "spec1": "catalyst-spack-v0.12.1",
        "spec2": "catalyst-spack-v0.12.1",
        "1_package_name_overlap": 1,
        "2_package_name_version_exact": 1,
        "3_package_weighted_versions": 1,
        "4_parameter_overlap": 1,
        "5_arch_overlap": 1
    },
    "catalyst-spack-v0.12.1-catalyst-spack-v0.13.0": {
        "spec1": "catalyst-spack-v0.12.1",
        "spec2": "catalyst-spack-v0.13.0",
        "1_package_name_overlap": 0.38333333333333336,
        "2_package_name_version_exact": 0.07792207792207792,
        "3_package_weighted_versions": 0.17791250725684288,
        "4_parameter_overlap": 0.10138888888888889,
        "5_arch_overlap": 0.16666666666666666
    },
    "catalyst-spack-v0.12.1-catalyst-spack-v0.13.1": {
        "spec1": "catalyst-spack-v0.12.1",
        "spec2": "catalyst-spack-v0.13.1",
        "1_package_name_overlap": 0.38333333333333336,
        "2_package_name_version_exact": 0.07792207792207792,
        "3_package_weighted_versions": 0.17791250725684288,
        "4_parameter_overlap": 0.10138888888888889,
        "5_arch_overlap": 0.16666666666666666
    },
    "catalyst-spack-v0.12.1-catalyst-spack-v0.13.2": {
        "spec1": "catalyst-spack-v0.12.1",
        "spec2": "catalyst-spack-v0.13.2",
        "1_package_name_overlap": 0.38333333333333336,
        "2_package_name_version_exact": 0.07792207792207792,
        "3_package_weighted_versions": 0.17791250725684288,
        "4_parameter_overlap": 0.10138888888888889,
        "5_arch_overlap": 0.16666666666666666
    },
    "catalyst-spack-v0.12.1-catalyst-spack-v0.13.3": {
        "spec1": "catalyst-spack-v0.12.1",
        "spec2": "catalyst-spack-v0.13.3",
        "1_package_name_overlap": 0.38333333333333336,
        "2_package_name_version_exact": 0.07792207792207792,
        "3_package_weighted_versions": 0.17791250725684288,