{
    "med-spack-v0.12.0-med-spack-v0.12.0": {
        "spec1": "med-spack-v0.12.0",
        "spec2": "med-spack-v0.12.0",
        "1_package_name_overlap": 1,
        "2_package_name_version_exact": 1,
        "3_package_weighted_versions": 1,
        "4_parameter_overlap": 1,
        "5_arch_overlap": 1
    },
    "med-spack-v0.12.0-med-spack-v0.12.1": {
        "spec1": "med-spack-v0.12.0",
        "spec2": "med-spack-v0.12.1",
        "1_package_name_overlap": 1.0,
        "2_package_name_version_exact": 1.0,
        "3_package_weighted_versions": 1.0,
        "4_parameter_overlap": 0.6,
        "5_arch_overlap": 0.9
    },
    "med-spack-v0.12.0-med-spack-v0.13.0": {
        "spec1": "med-spack-v0.12.0",
        "spec2": "med-spack-v0.13.0",
        "1_package_name_overlap": 0.4166666666666667,
        "2_package_name_version_exact": 0.21428571428571427,
        "3_package_weighted_versions": 0.2708333333333337,
        "4_parameter_overlap": 0.17013888888888892,
        "5_arch_overlap": 0.1875
    },
    "med-spack-v0.12.0-med-spack-v0.13.1": {
        "spec1": "med-spack-v0.12.0",
        "spec2": "med-spack-v0.13.1",
        "1_package_name_overlap": 0.4166666666666667,
        "2_package_name_version_exact": 0.21428571428571427,
        "3_package_weighted_versions": 0.2708333333333337,
        "4_parameter_overlap": 0.17013888888888892,
        "5_arch_overlap": 0.1875
    },
    "med-spack-v0.12.0-med-spack-v0.13.2": {
        "spec1": "med-spack-v0.12.0",
        "spec2": "med-spack-v0.13.2",
        "1_package_name_overlap": 0.4166666666666667,
        "2_package_name_version_exact": 0.21428571428571427,
        "3_package_weighted_versions": 0.2708333333333337,
        "4_parameter_overlap": 0.17013888888888892,
        "5_arch_overlap": 0.1875
    },
    "med-spack-v0.12.0-med-spack-v0.13.3": {
        "spec1": "med-spack-v0.12.0",
        "spec2": "med-spack-v0.13.3",
        "1_package_name_overlap": 0.4166666666666667,
        "2_package_name_version_exact": 0.21428571428571427,
        "3_package_weighted_versions": 0.2708333333333337,
        "4_parameter_overlap": 0.17013888888888892,
        "5_arch_overlap": 0.1875
    },
    "med-spack-v0.12.0-med-spack-v0.13.4": {
        "spec1": "med-spack-v0.12.0",
        "spec2": "med-spack-v0.13.4",
        "1_package_name_overlap": 0.4166666666666667,
        "2_package_name_version_exact": 0.21428571428571427,
        "3_package_weighted_versions": 0.2708333333333337,
        "4_parameter_overlap": 0.17013888888888892,
        "5_arch_overlap": 0.1875
    },
    "med-spack-v0.12.0-med-spack-v0.14.0": {
        "spec1": "med-spack-v0.12.0",
        "spec2": "med-spack-v0.14.0",
        "1_package_name_overlap": 0.4166666666666667,
        "2_package_name_version_exact": 0.21428571428571427,
        "3_package_weighted_versions": 0.25,
        "4_parameter_overlap": 0.15625,
        "5_arch_overlap": 0.1875
    },
    "med-spack-v0.12.0-med-spack-v0.14.1": {
        "spec1": "med-spack-v0.12.0",
        "spec2": "med-spack-v0.14.1",
        "1_package_name_overlap": 0.4166666666666667,
        "2_package_name_version_exact": 0.21428571428571427,
        "3_package_weighted_versions": 0.25,
        "4_parameter_overlap": 0.15625,
        "5_arch_overlap": 0.1875
    },
    "med-spack-v0.12.0-med-spack-v0.14.2": {
        "spec1": "med-spack-v0.12.0",
        "spec2": "med-spack-v0.14.2",
        "1_package_name_overlap": 0.4166666666666667,
        "2_package_name_version_exact": 0.21428571428571427,
        "3_package_weighted_versions": 0.25,
        "4_parameter_overlap": 0.15625,
        "5_arch_overlap": 0.1875
    },
    "med-spack-v0.12.1-med-spack-v0.12.1": {
        "spec1": "med-spack-v0.12.1",
        "spec2": "med-spack-v0.12.1",
        "1_package_name_overlap": 1,
        "2_package_name_version_exact": 1,
        "3_package_weighted_versions": 1,
        "4_parameter_overlap": 1,
        "5_arch_overlap": 1
    },
    "med-spack-v0.12.1-med-spack-v0.13.0": {
        "spec1": "med-spack-v0.12.1",
        "spec2": "med-spack-v0.13.0",
        "1_package_name_overlap": 0.4166666666666667,
        "2_package_name_version_exact": 0.21428571428571427,
        "3_package_weighted_versions": 0.2708333333333337,
        "4_parameter_overlap": 0.17013888888888892,
        "5_arch_overlap": 0.1875
    },
    "med-spack-v0.12.1-med-spack-v0.13.1": {
        "spec1": "med-spack-v0.12.1",
        "spec2": "med-spack-v0.13.1",
        "1_package_name_overlap": 0.4166666666666667,
        "2_package_name_version_exact": 0.21428571428571427,
        "3_package_weighted_versions": 0.2708333333333337,
        "4_parameter_overlap": 0.17013888888888892,
        "5_arch_overlap": 0.1875
    },
    "med-spack-v0.12.1-med-spack-v0.13.2": {
        "spec1": "med-spack-v0.12.1",
        "spec2": "med-spack-v0.13.2",
        "1_package_name_overlap": 0.4166666666666667,
        "2_package_name_version_exact": 0.21428571428571427,
        "3_package_weighted_versions": 0.2708333333333337,
        "4_parameter_overlap": 0.17013888888888892,
        "5_arch_overlap": 0.1875
    },
    "med-spack-v0.12.1-med-spack-v0.13.3": {
        "spec1": "med-spack-v0.12.1",
        "spec2": "med-spack-v0.13.3",
        "1_package_name_overlap": 0.4166666666666667,
        "2_package_name_version_exact": 0.21428571428571427,
        "3_package_weighted_versions": 0.2708333333333337,
        "4_parameter_overlap": 0.17013888888888892,
        "5_arch_overlap": 0.1875
    },
    "med-spack-v0.12.1-med-spack-v0.13.4": {
        "spec1": "med-spack-v0.12.1",
        "spec2": "med-spack-v0.13.4",
        "1_package_name_overlap": 0.4166666666666667,
        "2_package_name_version_exact": 0.21428571428571427,
        "3_package_weighted_versions": 0.2708333333333337,
        "4_parameter_overlap": 0.17013888888888892,
        "5_arch_overlap": 0.1875
    },
    "med-spack-v0.12.1-med-spack-v0.14.0": {
        "spec1": "med-spack-v0.12.1",
        "spec2": "med-spack-v0.14.0",
        "1_package_name_overlap": 0.4166666666666667,
        "2_package_name_version_exact": 0.21428571428571427,
        "3_package_weighted_versions": 0.25,
        "4_parameter_overlap": 0.15625,
        "5_arch_overlap": 0.1875
    },
    "med-spack-v0.12.1-med-spack-v0.14.1": {
        "spec1": "med-spack-v0.12.1",
        "spec2": "med-spack-v0.14.1",
        "1_package_name_overlap": 0.4166666666666667,
        "2_package_name_version_exact": 0.21428571428571427,
        "3_package_weighted_versions": 0.25,
        "4_parameter_overlap": 0.15625,
        "5_arch_overlap": 0.1875
    },
    "med-spack-v0.12.1-med-spack-v0.14.2": {
        "spec1": "med-spack-v0.12.1",
        "spec2": "med-spack-v0.14.2",
        "1_package_name_overlap": 0.4166666666666667,
        "2_package_name_version_exact": 0.21428571428571427,
        "3_package_weighted_versions": 0.25,
        "4_parameter_overlap": 0.15625,
        "5_arch_overlap": 0.1875
    },
    "med-spack-v0.13.0-med-spack-v0.13.0": {
        "spec1": "med-spack-v0.13.0",
        "spec2": "med-spack-v0.13.0",
        "1_package_name_overlap": 1,
        "2_package_name_version_exact": 1,
        "3_package_weighted_versions": 1,
        "4_parameter_overlap": 1,
        "5_arch_overlap": 1
    },
    "med-spack-v0.13.0-med-spack-v0.13.1": {
        "spec1": "med-spack-v0.13.0",
        "spec2": "med-spack-v0.13.1",
        "1_package_name_overlap": 1.0,
        "2_package_name_version_exact": 1.0,
        "3_package_weighted_versions": 1.0,
        "4_parameter_overlap": 0.3333333333333333,
        "5_arch_overlap": 0.9166666666666666
    },
    "med-spack-v0.13.0-med-spack-v0.13.2": {
        "spec1": "med-spack-v0.13.0",
        "spec2": "med-spack-v0.13.2",
        "1_package_name_overlap": 1.0,
        "2_package_name_version_exact": 1.0,
        "3_package_weighted_versions": 1.0,
        "4_parameter_overlap": 0.3333333333333333,
        "5_arch_overlap": 0.9166666666666666
    },