{
    "mmg-spack-v0.13.0-mmg-spack-v0.13.0": {
        "spec1": "mmg-spack-v0.13.0",
        "spec2": "mmg-spack-v0.13.0",
        "1_package_name_overlap": 1,
        "2_package_name_version_exact": 1,
        "3_package_weighted_versions": 1,
        "4_parameter_overlap": 1,
        "5_arch_overlap": 1
    },
    "mmg-spack-v0.13.0-mmg-spack-v0.13.1": {
        "spec1": "mmg-spack-v0.13.0",
        "spec2": "mmg-spack-v0.13.1",
        "1_package_name_overlap": 1.0,
        "2_package_name_version_exact": 1.0,
        "3_package_weighted_versions": 1.0,
        "4_parameter_overlap": 0.3870967741935484,
        "5_arch_overlap": 0.9354838709677419
    },
    "mmg-spack-v0.13.0-mmg-spack-v0.13.2": {
        "spec1": "mmg-spack-v0.13.0",
        "spec2": "mmg-spack-v0.13.2",
        "1_package_name_overlap": 1.0,
        "2_package_name_version_exact": 1.0,
        "3_package_weighted_versions": 1.0,
        "4_parameter_overlap": 0.3870967741935484,
        "5_arch_overlap": 0.9354838709677419
    },
    "mmg-spack-v0.13.0-mmg-spack-v0.13.3": {
        "spec1": "mmg-spack-v0.13.0",
        "spec2": "mmg-spack-v0.13.3",
        "1_package_name_overlap": 1.0,
        "2_package_name_version_exact": 1.0,
        "3_package_weighted_versions": 1.0,
        "4_parameter_overlap": 0.3870967741935484,
        "5_arch_overlap": 0.9354838709677419
    },
    "mmg-spack-v0.13.0-mmg-spack-v0.13.4": {
        "spec1": "mmg-spack-v0.13.0",
        "spec2": "mmg-spack-v0.13.4",
        "1_package_name_overlap": 1.0,
        "2_package_name_version_exact": 1.0,
        "3_package_weighted_versions": 1.0,
        "4_parameter_overlap": 0.3870967741935484,
        "5_arch_overlap": 0.9354838709677419
    },
    "mmg-spack-v0.13.0-mmg-spack-v0.14.0": {
        "spec1": "mmg-spack-v0.13.0",
        "spec2": "mmg-spack-v0.14.0",
        "1_package_name_overlap": 0.9393939393939394,
        "2_package_name_version_exact": 0.7297297297297297,
        "3_package_weighted_versions": 0.8181818181818182,
        "4_parameter_overlap": 0.36363636363636365,
        "5_arch_overlap": 0.8787878787878788
    },
    "mmg-spack-v0.13.0-mmg-spack-v0.14.1": {
        "spec1": "mmg-spack-v0.13.0",
        "spec2": "mmg-spack-v0.14.1",
        "1_package_name_overlap": 0.9393939393939394,
        "2_package_name_version_exact": 0.7297297297297297,
        "3_package_weighted_versions": 0.8181818181818182,
        "4_parameter_overlap": 0.36363636363636365,
        "5_arch_overlap": 0.8787878787878788
    },
    "mmg-spack-v0.13.0-mmg-spack-v0.14.2": {
        "spec1": "mmg-spack-v0.13.0",
        "spec2": "mmg-spack-v0.14.2",
        "1_package_name_overlap": 0.9393939393939394,
        "2_package_name_version_exact": 0.7297297297297297,
        "3_package_weighted_versions": 0.8181818181818182,
        "4_parameter_overlap": 0.36363636363636365,
        "5_arch_overlap": 0.8787878787878788
    },
    "mmg-spack-v0.13.1-mmg-spack-v0.13.1": {
        "spec1": "mmg-spack-v0.13.1",
        "spec2": "mmg-spack-v0.13.1",
        "1_package_name_overlap": 1,
        "2_package_name_version_exact": 1,
        "3_package_weighted_versions": 1,
        "4_parameter_overlap": 1,
        "5_arch_overlap": 1
    },
    "mmg-spack-v0.13.1-mmg-spack-v0.13.2": {
        "spec1": "mmg-spack-v0.13.1",
        "spec2": "mmg-spack-v0.13.2",
        "1_package_name_overlap": 1.0,
        "2_package_name_version_exact": 1.0,
        "3_package_weighted_versions": 1.0,
        "4_parameter_overlap": 0.3870967741935484,
        "5_arch_overlap": 0.9354838709677419
    },
    "mmg-spack-v0.13.1-mmg-spack-v0.13.3": {
        "spec1": "mmg-spack-v0.13.1",
        "spec2": "mmg-spack-v0.13.3",
        "1_package_name_overlap": 1.0,
        "2_package_name_version_exact": 1.0,
        "3_package_weighted_versions": 1.0,
        "4_parameter_overlap": 0.3870967741935484,
        "5_arch_overlap": 0.9354838709677419
    },
    "mmg-spack-v0.13.1-mmg-spack-v0.13.4": {
        "spec1": "mmg-spack-v0.13.1",
        "spec2": "mmg-spack-v0.13.4",
        "1_package_name_overlap": 1.0,
        "2_package_name_version_exact": 1.0,
        "3_package_weighted_versions": 1.0,
        "4_parameter_overlap": 0.3870967741935484,
        "5_arch_overlap": 0.9354838709677419
    },
    "mmg-spack-v0.13.1-mmg-spack-v0.14.0": {
        "spec1": "mmg-spack-v0.13.1",
        "spec2": "mmg-spack-v0.14.0",
        "1_package_name_overlap": 0.9393939393939394,
        "2_package_name_version_exact": 0.7297297297297297,
        "3_package_weighted_versions": 0.8181818181818182,
        "4_parameter_overlap": 0.36363636363636365,
        "5_arch_overlap": 0.8787878787878788
    },
    "mmg-spack-v0.13.1-mmg-spack-v0.14.1": {
        "spec1": "mmg-spack-v0.13.1",
        "spec2": "mmg-spack-v0.14.1",
        "1_package_name_overlap": 0.9393939393939394,
        "2_package_name_version_exact": 0.7297297297297297,
        "3_package_weighted_versions": 0.8181818181818182,
        "4_parameter_overlap": 0.36363636363636365,
        "5_arch_overlap": 0.8787878787878788
    },
    "mmg-spack-v0.13.1-mmg-spack-v0.14.2": {
        "spec1": "mmg-spack-v0.13.1",
        "spec2": "mmg-spack-v0.14.2",
        "1_package_name_overlap": 0.9393939393939394,
        "2_package_name_version_exact": 0.7297297297297297,
        "3_package_weighted_versions": 0.8181818181818182,
        "4_parameter_overlap": 0.36363636363636365,
        "5_arch_overlap": 0.8787878787878788
    },
    "mmg-spack-v0.13.2-mmg-spack-v0.13.2": {
        "spec1": "mmg-spack-v0.13.2",
        "spec2": "mmg-spack-v0.13.2",
        "1_package_name_overlap": 1,
        "2_package_name_version_exact": 1,
        "3_package_weighted_versions": 1,
        "4_parameter_overlap": 1,
        "5_arch_overlap": 1
    },
    "mmg-spack-v0.13.2-mmg-spack-v0.13.3": {
        "spec1": "mmg-spack-v0.13.2",
        "spec2": "mmg-spack-v0.13.3",
        "1_package_name_overlap": 1.0,
        "2_package_name_version_exact": 1.0,
        "3_package_weighted_versions": 1.0,
        "4_parameter_overlap": 0.3870967741935484,
        "5_arch_overlap": 0.9354838709677419
    },
    "mmg-spack-v0.13.2-mmg-spack-v0.13.4": {
        "spec1": "mmg-spack-v0.13.2",
        "spec2": "mmg-spack-v0.13.4",
        "1_package_name_overlap": 1.0,
        "2_package_name_version_exact": 1.0,
        "3_package_weighted_versions": 1.0,
        "4_parameter_overlap": 0.3870967741935484,
        "5_arch_overlap": 0.9354838709677419
    },
    "mmg-spack-v0.13.2-mmg-spack-v0.14.0": {
        "spec1": "mmg-spack-v0.13.2",
        "spec2": "mmg-spack-v0.14.0",
        "1_package_name_overlap": 0.9393939393939394,
        "2_package_name_version_exact": 0.7297297297297297,
        "3_package_weighted_versions": 0.8181818181818182,
        "4_parameter_overlap": 0.36363636363636365,
        "5_arch_overlap": 0.8787878787878788
    },
    "mmg-spack-v0.13.2-mmg-spack-v0.14.1": {
        "spec1": "mmg-spack-v0.13.2",
        "spec2": "mmg-spack-v0.14.1",
        "1_package_name_overlap": 0.9393939393939394,
        "2_package_name_version_exact": 0.7297297297297297,
        "3_package_weighted_versions": 0.8181818181818182,
        "4_parameter_overlap": 0.36363636363636365,
        "5_arch_overlap": 0.8787878787878788
    },
    "mmg-spack-v0.13.2-mmg-spack-v0.14.2": {
        "spec1": "mmg-spack-v0.13.2",
        "spec2": "mmg-spack-v0.14.2",
        "1_package_name_overlap": 0.9393939393939394,
        "2_package_name_version_exact": 0.7297297297297297,
        "3_package_weighted_versions": 0.8181818181818182,
        "4_parameter_overlap": 0.36363636363636365,
        "5_arch_overlap": 0.8787878787878788
    },
    "mmg-spack-v0.13.3-mmg-spack-v0.13.3": {
        "spec1": "mmg-spack-v0.13.3",
        "spec2": "mmg-spack-v0.13.3",
        "1_package_name_overlap": 1,
        "2_package_name_version_exact": 1,
        "3_package_weighted_versions": 1,
        "4_parameter_overlap": 1,
        "5_arch_overlap": 1
    },