{
    "nrm-spack-v0.13.0-nrm-spack-v0.13.0": {
        "spec1": "nrm-spack-v0.13.0",
        "spec2": "nrm-spack-v0.13.0",
        "1_package_name_overlap": 1,
        "2_package_name_version_exact": 1,
        "3_package_weighted_versions": 1,
        "4_parameter_overlap": 1,
        "5_arch_overlap": 1
    },
    "nrm-spack-v0.13.0-nrm-spack-v0.13.1": {
        "spec1": "nrm-spack-v0.13.0",
        "spec2": "nrm-spack-v0.13.1",
        "1_package_name_overlap": 1.0,
        "2_package_name_version_exact": 1.0,
        "3_package_weighted_versions": 1.0,
        "4_parameter_overlap": 0.23255813953488372,
        "5_arch_overlap": 0.9302325581395349
    },
    "nrm-spack-v0.13.0-nrm-spack-v0.13.2": {
        "spec1": "nrm-spack-v0.13.0",
        "spec2": "nrm-spack-v0.13.2",
        "1_package_name_overlap": 1.0,
        "2_package_name_version_exact": 1.0,
        "3_package_weighted_versions": 1.0,
        "4_parameter_overlap": 0.23255813953488372,
        "5_arch_overlap": 0.9302325581395349
    },
    "nrm-spack-v0.13.0-nrm-spack-v0.13.3": {
        "spec1": "nrm-spack-v0.13.0",
        "spec2": "nrm-spack-v0.13.3",
        "1_package_name_overlap": 1.0,
        "2_package_name_version_exact": 1.0,
        "3_package_weighted_versions": 1.0,
        "4_parameter_overlap": 0.23255813953488372,
        "5_arch_overlap": 0.9302325581395349
    },
    "nrm-spack-v0.13.0-nrm-spack-v0.13.4": {
        "spec1": "nrm-spack-v0.13.0",
        "spec2": "nrm-spack-v0.13.4",
        "1_package_name_overlap": 1.0,
        "2_package_name_version_exact": 1.0,
        "3_package_weighted_versions": 1.0,
        "4_parameter_overlap": 0.23255813953488372,
        "5_arch_overlap": 0.9302325581395349
    },
    "nrm-spack-v0.13.0-nrm-spack-v0.14.0": {
        "spec1": "nrm-spack-v0.13.0",
        "spec2": "nrm-spack-v0.14.0",
        "1_package_name_overlap": 0.8888888888888888,
        "2_package_name_version_exact": 0.6666666666666666,
        "3_package_weighted_versions": 0.8473404917522559,
        "4_parameter_overlap": 0.1894017094017094,
        "5_arch_overlap": 0.8222222222222222
    },
    "nrm-spack-v0.13.0-nrm-spack-v0.14.1": {
        "spec1": "nrm-spack-v0.13.0",
        "spec2": "nrm-spack-v0.14.1",
        "1_package_name_overlap": 0.8888888888888888,
        "2_package_name_version_exact": 0.6666666666666666,
        "3_package_weighted_versions": 0.8473404917522559,
        "4_parameter_overlap": 0.1894017094017094,
        "5_arch_overlap": 0.8222222222222222
    },
    "nrm-spack-v0.13.0-nrm-spack-v0.14.2": {
        "spec1": "nrm-spack-v0.13.0",
        "spec2": "nrm-spack-v0.14.2",
        "1_package_name_overlap": 0.8888888888888888,
        "2_package_name_version_exact": 0.6666666666666666,
        "3_package_weighted_versions": 0.8473404917522559,
        "4_parameter_overlap": 0.1894017094017094,
        "5_arch_overlap": 0.8222222222222222
    },
    "nrm-spack-v0.13.0-nrm-spack-v0.16.1": {
        "spec1": "nrm-spack-v0.13.0",
        "spec2": "nrm-spack-v0.16.1",
        "1_package_name_overlap": 0.851063829787234,
        "2_package_name_version_exact": 0.2608695652173913,
        "3_package_weighted_versions": 0.386107634543179,
        "4_parameter_overlap": 0.16808510638297874,
        "5_arch_overlap": 0.7872340425531915
    },
    "nrm-spack-v0.13.1-nrm-spack-v0.13.1": {
        "spec1": "nrm-spack-v0.13.1",
        "spec2": "nrm-spack-v0.13.1",
        "1_package_name_overlap": 1,
        "2_package_name_version_exact": 1,
        "3_package_weighted_versions": 1,
        "4_parameter_overlap": 1,
        "5_arch_overlap": 1
    },
    "nrm-spack-v0.13.1-nrm-spack-v0.13.2": {
        "spec1": "nrm-spack-v0.13.1",
        "spec2": "nrm-spack-v0.13.2",
        "1_package_name_overlap": 1.0,
        "2_package_name_version_exact": 1.0,
        "3_package_weighted_versions": 1.0,
        "4_parameter_overlap": 0.23255813953488372,
        "5_arch_overlap": 0.9302325581395349
    },
    "nrm-spack-v0.13.1-nrm-spack-v0.13.3": {
        "spec1": "nrm-spack-v0.13.1",
        "spec2": "nrm-spack-v0.13.3",
        "1_package_name_overlap": 1.0,
        "2_package_name_version_exact": 1.0,
        "3_package_weighted_versions": 1.0,
        "4_parameter_overlap": 0.23255813953488372,
        "5_arch_overlap": 0.9302325581395349
    },
    "nrm-spack-v0.13.1-nrm-spack-v0.13.4": {
        "spec1": "nrm-spack-v0.13.1",
        "spec2": "nrm-spack-v0.13.4",
        "1_package_name_overlap": 1.0,
        "2_package_name_version_exact": 1.0,
        "3_package_weighted_versions": 1.0,
        "4_parameter_overlap": 0.23255813953488372,
        "5_arch_overlap": 0.9302325581395349
    },
    "nrm-spack-v0.13.1-nrm-spack-v0.14.0": {
        "spec1": "nrm-spack-v0.13.1",
        "spec2": "nrm-spack-v0.14.0",
        "1_package_name_overlap": 0.8888888888888888,
        "2_package_name_version_exact": 0.6666666666666666,
        "3_package_weighted_versions": 0.8473404917522559,
        "4_parameter_overlap": 0.1894017094017094,
        "5_arch_overlap": 0.8222222222222222
    },
    "nrm-spack-v0.13.1-nrm-spack-v0.14.1": {
        "spec1": "nrm-spack-v0.13.1",
        "spec2": "nrm-spack-v0.14.1",
        "1_package_name_overlap": 0.8888888888888888,
        "2_package_name_version_exact": 0.6666666666666666,
        "3_package_weighted_versions": 0.8473404917522559,
        "4_parameter_overlap": 0.1894017094017094,
        "5_arch_overlap": 0.8222222222222222
    },
    "nrm-spack-v0.13.1-nrm-spack-v0.14.2": {
        "spec1": "nrm-spack-v0.13.1",
        "spec2": "nrm-spack-v0.14.2",
        "1_package_name_overlap": 0.8888888888888888,
        "2_package_name_version_exact": 0.6666666666666666,
        "3_package_weighted_versions": 0.8473404917522559,
        "4_parameter_overlap": 0.1894017094017094,
        "5_arch_overlap": 0.8222222222222222
    },
    "nrm-spack-v0.13.1-nrm-spack-v0.16.1": {
        "spec1": "nrm-spack-v0.13.1",
        "spec2": "nrm-spack-v0.16.1",
        "1_package_name_overlap": 0.851063829787234,
        "2_package_name_version_exact": 0.2608695652173913,
        "3_package_weighted_versions": 0.386107634543179,
        "4_parameter_overlap": 0.16808510638297874,
        "5_arch_overlap": 0.7872340425531915
    },
    "nrm-spack-v0.13.2-nrm-spack-v0.13.2": {
        "spec1": "nrm-spack-v0.13.2",
        "spec2": "nrm-spack-v0.13.2",
        "1_package_name_overlap": 1,
        "2_package_name_version_exact": 1,
        "3_package_weighted_versions": 1,
        "4_parameter_overlap": 1,
        "5_arch_overlap": 1
    },
    "nrm-spack-v0.13.2-nrm-spack-v0.13.3": {
        "spec1": "nrm-spack-v0.13.2",
        "spec2": "nrm-spack-v0.13.3",
        "1_package_name_overlap": 1.0,
        "2_package_name_version_exact": 1.0,
        "3_package_weighted_versions": 1.0,
        "4_parameter_overlap": 0.23255813953488372,
        "5_arch_overlap": 0.9302325581395349
    },
    "nrm-spack-v0.13.2-nrm-spack-v0.13.4": {
        "spec1": "nrm-spack-v0.13.2",
        "spec2": "nrm-spack-v0.13.4",
        "1_package_name_overlap": 1.0,
        "2_package_name_version_exact": 1.0,
        "3_package_weighted_versions": 1.0,
        "4_parameter_overlap": 0.23255813953488372,
        "5_arch_overlap": 0.9302325581395349
    },
    "nrm-spack-v0.13.2-nrm-spack-v0.14.0": {
        "spec1": "nrm-spack-v0.13.2",
        "spec2": "nrm-spack-v0.14.0",
        "1_package_name_overlap": 0.8888888888888888,
        "2_package_name_version_exact": 0.6666666666666666,
        "3_package_weighted_versions": 0.8473404917522559,
        "4_parameter_overlap": 0.1894017094017094,
        "5_arch_overlap": 0.8222222222222222
    },
    "nrm-spack-v0.13.2-nrm-spack-v0.14.1": {
        "spec1": "nrm-spack-v0.13.2",
        "spec2": "nrm-spack-v0.14.1",
        "1_package_name_overlap": 0.8888888888888888,
        "2_package_name_version_exact": 0.6666666666666666,
        "3_package_weighted_versions": 0.8473404917522559,