{
    "dislin-spack-v0.12.0-dislin-spack-v0.12.0": {
        "spec1": "dislin-spack-v0.12.0",
        "spec2": "dislin-spack-v0.12.0",
        "1_package_name_overlap": 1,
        "2_package_name_version_exact": 1,
        "3_package_weighted_versions": 1,
        "4_parameter_overlap": 1,
        "5_arch_overlap": 1
    },
    "dislin-spack-v0.12.0-dislin-spack-v0.12.1": {
        "spec1": "dislin-spack-v0.12.0",
        "spec2": "dislin-spack-v0.12.1",
        "1_package_name_overlap": 1.0,
        "2_package_name_version_exact": 1.0,
        "3_package_weighted_versions": 1.0,
        "4_parameter_overlap": 0.11363636363636363,
        "5_arch_overlap": 0.9090909090909091
    },
    "dislin-spack-v0.12.0-dislin-spack-v0.13.0": {
        "spec1": "dislin-spack-v0.12.0",
        "spec2": "dislin-spack-v0.13.0",
        "1_package_name_overlap": 0.4470588235294118,
        "2_package_name_version_exact": 0.24242424242424243,
        "3_package_weighted_versions": 0.31417190480657975,
        "4_parameter_overlap": 0.041176470588235294,
        "5_arch_overlap": 0.2
    },
    "dislin-spack-v0.12.0-dislin-spack-v0.13.1": {
        "spec1": "dislin-spack-v0.12.0",
        "spec2": "dislin-spack-v0.13.1",
        "1_package_name_overlap": 0.4470588235294118,
        "2_package_name_version_exact": 0.24242424242424243,
        "3_package_weighted_versions": 0.31417190480657975,
        "4_parameter_overlap": 0.041176470588235294,
        "5_arch_overlap": 0.2
    },
    "dislin-spack-v0.12.0-dislin-spack-v0.13.2": {
        "spec1": "dislin-spack-v0.12.0",
        "spec2": "dislin-spack-v0.13.2",
        "1_package_name_overlap": 0.4470588235294118,
        "2_package_name_version_exact": 0.24242424242424243,
        "3_package_weighted_versions": 0.31417190480657975,
        "4_parameter_overlap": 0.041176470588235294,
        "5_arch_overlap": 0.2
    },
    "dislin-spack-v0.12.0-dislin-spack-v0.13.3": {
        "spec1": "dislin-spack-v0.12.0",
        "spec2": "dislin-spack-v0.13.3",
        "1_package_name_overlap": 0.4470588235294118,
        "2_package_name_version_exact": 0.24242424242424243,
        "3_package_weighted_versions": 0.31417190480657975,
        "4_parameter_overlap": 0.041176470588235294,
        "5_arch_overlap": 0.2
    },
    "dislin-spack-v0.12.0-dislin-spack-v0.13.4": {
        "spec1": "dislin-spack-v0.12.0",
        "spec2": "dislin-spack-v0.13.4",
        "1_package_name_overlap": 0.4470588235294118,
        "2_package_name_version_exact": 0.24242424242424243,
        "3_package_weighted_versions": 0.31417190480657975,
        "4_parameter_overlap": 0.041176470588235294,
        "5_arch_overlap": 0.2
    },
    "dislin-spack-v0.12.0-dislin-spack-v0.16.0": {
        "spec1": "dislin-spack-v0.12.0",
        "spec2": "dislin-spack-v0.16.0",
        "1_package_name_overlap": 0.3917525773195876,
        "2_package_name_version_exact": 0.17391304347826086,
        "3_package_weighted_versions": 0.20690148911798395,
        "4_parameter_overlap": 0.03608247422680412,
        "5_arch_overlap": 0.17525773195876287
    },
    "dislin-spack-v0.12.0-dislin-spack-v0.16.1": {
        "spec1": "dislin-spack-v0.12.0",
        "spec2": "dislin-spack-v0.16.1",
        "1_package_name_overlap": 0.3917525773195876,
        "2_package_name_version_exact": 0.17391304347826086,
        "3_package_weighted_versions": 0.20690148911798395,
        "4_parameter_overlap": 0.03608247422680412,
        "5_arch_overlap": 0.17525773195876287
    },
    "dislin-spack-v0.12.1-dislin-spack-v0.12.1": {
        "spec1": "dislin-spack-v0.12.1",
        "spec2": "dislin-spack-v0.12.1",
        "1_package_name_overlap": 1,
        "2_package_name_version_exact": 1,
        "3_package_weighted_versions": 1,
        "4_parameter_overlap": 1,
        "5_arch_overlap": 1
    },
    "dislin-spack-v0.12.1-dislin-spack-v0.13.0": {
        "spec1": "dislin-spack-v0.12.1",
        "spec2": "dislin-spack-v0.13.0",
        "1_package_name_overlap": 0.4470588235294118,
        "2_package_name_version_exact": 0.24242424242424243,
        "3_package_weighted_versions": 0.31417190480657975,
        "4_parameter_overlap": 0.041176470588235294,
        "5_arch_overlap": 0.2
    },
    "dislin-spack-v0.12.1-dislin-spack-v0.13.1": {
        "spec1": "dislin-spack-v0.12.1",
        "spec2": "dislin-spack-v0.13.1",
        "1_package_name_overlap": 0.4470588235294118,
        "2_package_name_version_exact": 0.24242424242424243,
        "3_package_weighted_versions": 0.31417190480657975,
        "4_parameter_overlap": 0.041176470588235294,
        "5_arch_overlap": 0.2
    },
    "dislin-spack-v0.12.1-dislin-spack-v0.13.2": {
        "spec1": "dislin-spack-v0.12.1",
        "spec2": "dislin-spack-v0.13.2",
        "1_package_name_overlap": 0.4470588235294118,
        "2_package_name_version_exact": 0.24242424242424243,
        "3_package_weighted_versions": 0.31417190480657975,
        "4_parameter_overlap": 0.041176470588235294,
        "5_arch_overlap": 0.2
    },
    "dislin-spack-v0.12.1-dislin-spack-v0.13.3": {
        "spec1": "dislin-spack-v0.12.1",
        "spec2": "dislin-spack-v0.13.3",
        "1_package_name_overlap": 0.4470588235294118,
        "2_package_name_version_exact": 0.24242424242424243,
        "3_package_weighted_versions": 0.31417190480657975,
        "4_parameter_overlap": 0.041176470588235294,
        "5_arch_overlap": 0.2
    },
    "dislin-spack-v0.12.1-dislin-spack-v0.13.4": {
        "spec1": "dislin-spack-v0.12.1",
        "spec2": "dislin-spack-v0.13.4",
        "1_package_name_overlap": 0.4470588235294118,
        "2_package_name_version_exact": 0.24242424242424243,
        "3_package_weighted_versions": 0.31417190480657975,
        "4_parameter_overlap": 0.041176470588235294,
        "5_arch_overlap": 0.2
    },
    "dislin-spack-v0.12.1-dislin-spack-v0.16.0": {
        "spec1": "dislin-spack-v0.12.1",
        "spec2": "dislin-spack-v0.16.0",
        "1_package_name_overlap": 0.3917525773195876,
        "2_package_name_version_exact": 0.17391304347826086,
        "3_package_weighted_versions": 0.20690148911798395,
        "4_parameter_overlap": 0.03608247422680412,
        "5_arch_overlap": 0.17525773195876287
    },
    "dislin-spack-v0.12.1-dislin-spack-v0.16.1": {
        "spec1": "dislin-spack-v0.12.1",
        "spec2": "dislin-spack-v0.16.1",
        "1_package_name_overlap": 0.3917525773195876,
        "2_package_name_version_exact": 0.17391304347826086,
        "3_package_weighted_versions": 0.20690148911798395,
        "4_parameter_overlap": 0.03608247422680412,
        "5_arch_overlap": 0.17525773195876287
    },
    "dislin-spack-v0.13.0-dislin-spack-v0.13.0": {
        "spec1": "dislin-spack-v0.13.0",
        "spec2": "dislin-spack-v0.13.0",
        "1_package_name_overlap": 1,
        "2_package_name_version_exact": 1,
        "3_package_weighted_versions": 1,
        "4_parameter_overlap": 1,
        "5_arch_overlap": 1
    },
    "dislin-spack-v0.13.0-dislin-spack-v0.13.1": {
        "spec1": "dislin-spack-v0.13.0",
        "spec2": "dislin-spack-v0.13.1",
        "1_package_name_overlap": 1.0,
        "2_package_name_version_exact": 1.0,
        "3_package_weighted_versions": 1.0,
        "4_parameter_overlap": 0.189873417721519,
        "5_arch_overlap": 0.9367088607594937
    },
    "dislin-spack-v0.13.0-dislin-spack-v0.13.2": {
        "spec1": "dislin-spack-v0.13.0",
        "spec2": "dislin-spack-v0.13.2",
        "1_package_name_overlap": 1.0,
        "2_package_name_version_exact": 1.0,
        "3_package_weighted_versions": 1.0,
        "4_parameter_overlap": 0.189873417721519,
        "5_arch_overlap": 0.9367088607594937
    },
    "dislin-spack-v0.13.0-dislin-spack-v0.13.3": {
        "spec1": "dislin-spack-v0.13.0",
        "spec2": "dislin-spack-v0.13.3",
        "1_package_name_overlap": 1.0,
        "2_package_name_version_exact": 1.0,
        "3_package_weighted_versions": 1.0,