{
    "r-caret-spack-v0.11.0-r-caret-spack-v0.11.0": {
        "spec1": "r-caret-spack-v0.11.0",
        "spec2": "r-caret-spack-v0.11.0",
        "1_package_name_overlap": 1,
        "2_package_name_version_exact": 1,
        "3_package_weighted_versions": 1,
        "4_parameter_overlap": 1,
        "5_arch_overlap": 1
    },
    "r-caret-spack-v0.11.0-r-caret-spack-v0.11.1": {
        "spec1": "r-caret-spack-v0.11.0",
        "spec2": "r-caret-spack-v0.11.1",
        "1_package_name_overlap": 1.0,
        "2_package_name_version_exact": 0.9775280898876404,
        "3_package_weighted_versions": 0.9962121212121212,
        "4_parameter_overlap": 0.10227272727272728,
        "5_arch_overlap": 0.7727272727272727
    },
    "r-caret-spack-v0.11.0-r-caret-spack-v0.11.2": {
        "spec1": "r-caret-spack-v0.11.0",
        "spec2": "r-caret-spack-v0.11.2",
        "1_package_name_overlap": 0.9772727272727273,
        "2_package_name_version_exact": 0.7755102040816326,
        "3_package_weighted_versions": 0.8977150537634412,
        "4_parameter_overlap": 0.10227272727272728,
        "5_arch_overlap": 0.75
    },
    "r-caret-spack-v0.11.0-r-caret-spack-v0.12.0": {
        "spec1": "r-caret-spack-v0.11.0",
        "spec2": "r-caret-spack-v0.12.0",
        "1_package_name_overlap": 0.9347826086956522,
        "2_package_name_version_exact": 0.45901639344262296,
        "3_package_weighted_versions": 0.6086956521739131,
        "4_parameter_overlap": 0.0608695652173913,
        "5_arch_overlap": 0.717391304347826
    },
    "r-caret-spack-v0.11.0-r-caret-spack-v0.12.1": {
        "spec1": "r-caret-spack-v0.11.0",
        "spec2": "r-caret-spack-v0.12.1",
        "1_package_name_overlap": 0.9347826086956522,
        "2_package_name_version_exact": 0.45901639344262296,
        "3_package_weighted_versions": 0.6086956521739131,
        "4_parameter_overlap": 0.0608695652173913,
        "5_arch_overlap": 0.717391304347826
    },
    "r-caret-spack-v0.11.1-r-caret-spack-v0.11.1": {
        "spec1": "r-caret-spack-v0.11.1",
        "spec2": "r-caret-spack-v0.11.1",
        "1_package_name_overlap": 1,
        "2_package_name_version_exact": 1,
        "3_package_weighted_versions": 1,
        "4_parameter_overlap": 1,
        "5_arch_overlap": 1
    },
    "r-caret-spack-v0.11.1-r-caret-spack-v0.11.2": {
        "spec1": "r-caret-spack-v0.11.1",
        "spec2": "r-caret-spack-v0.11.2",
        "1_package_name_overlap": 0.9772727272727273,
        "2_package_name_version_exact": 0.7938144329896907,
        "3_package_weighted_versions": 0.90150293255132,
        "4_parameter_overlap": 0.10227272727272728,
        "5_arch_overlap": 0.75
    },
    "r-caret-spack-v0.11.1-r-caret-spack-v0.12.0": {
        "spec1": "r-caret-spack-v0.11.1",
        "spec2": "r-caret-spack-v0.12.0",
        "1_package_name_overlap": 0.9347826086956522,
        "2_package_name_version_exact": 0.45901639344262296,
        "3_package_weighted_versions": 0.6123188405797102,
        "4_parameter_overlap": 0.0608695652173913,
        "5_arch_overlap": 0.717391304347826
    },
    "r-caret-spack-v0.11.1-r-caret-spack-v0.12.1": {
        "spec1": "r-caret-spack-v0.11.1",
        "spec2": "r-caret-spack-v0.12.1",
        "1_package_name_overlap": 0.9347826086956522,
        "2_package_name_version_exact": 0.45901639344262296,
        "3_package_weighted_versions": 0.6123188405797102,
        "4_parameter_overlap": 0.0608695652173913,
        "5_arch_overlap": 0.717391304347826
    },
    "r-caret-spack-v0.11.2-r-caret-spack-v0.11.2": {
        "spec1": "r-caret-spack-v0.11.2",
        "spec2": "r-caret-spack-v0.11.2",
        "1_package_name_overlap": 1,
        "2_package_name_version_exact": 1,
        "3_package_weighted_versions": 1,
        "4_parameter_overlap": 1,
        "5_arch_overlap": 1
    },
    "r-caret-spack-v0.11.2-r-caret-spack-v0.12.0": {
        "spec1": "r-caret-spack-v0.11.2",
        "spec2": "r-caret-spack-v0.12.0",
        "1_package_name_overlap": 0.9555555555555556,
        "2_package_name_version_exact": 0.5172413793103449,
        "3_package_weighted_versions": 0.6889008363201912,
        "4_parameter_overlap": 0.06222222222222222,
        "5_arch_overlap": 0.7333333333333333
    },
    "r-caret-spack-v0.11.2-r-caret-spack-v0.12.1": {
        "spec1": "r-caret-spack-v0.11.2",
        "spec2": "r-caret-spack-v0.12.1",
        "1_package_name_overlap": 0.9555555555555556,
        "2_package_name_version_exact": 0.5172413793103449,
        "3_package_weighted_versions": 0.6889008363201912,
        "4_parameter_overlap": 0.06222222222222222,
        "5_arch_overlap": 0.7333333333333333
    },
    "r-caret-spack-v0.12.0-r-caret-spack-v0.12.0": {
        "spec1": "r-caret-spack-v0.12.0",
        "spec2": "r-caret-spack-v0.12.0",
        "1_package_name_overlap": 1,
        "2_package_name_version_exact": 1,
        "3_package_weighted_versions": 1,
        "4_parameter_overlap": 1,
        "5_arch_overlap": 1
    },
    "r-caret-spack-v0.12.0-r-caret-spack-v0.12.1": {
        "spec1": "r-caret-spack-v0.12.0",
        "spec2": "r-caret-spack-v0.12.1",
        "1_package_name_overlap": 1.0,
        "2_package_name_version_exact": 1.0,
        "3_package_weighted_versions": 1.0,
        "4_parameter_overlap": 0.1111111111111111,
        "5_arch_overlap": 0.7777777777777778
    },
    "r-caret-spack-v0.12.1-r-caret-spack-v0.12.1": {
        "spec1": "r-caret-spack-v0.12.1",
        "spec2": "r-caret-spack-v0.12.1",
        "1_package_name_overlap": 1,
        "2_package_name_version_exact": 1,
        "3_package_weighted_versions": 1,
        "4_parameter_overlap": 1,
        "5_arch_overlap": 1
    }
}