{
    "exasp2-spack-v0.12.0-exasp2-spack-v0.12.0": {
        "spec1": "exasp2-spack-v0.12.0",
        "spec2": "exasp2-spack-v0.12.0",
        "1_package_name_overlap": 1,
        "2_package_name_version_exact": 1,
        "3_package_weighted_versions": 1,
        "4_parameter_overlap": 1,
        "5_arch_overlap": 1
    },
    "exasp2-spack-v0.12.0-exasp2-spack-v0.12.1": {
        "spec1": "exasp2-spack-v0.12.0",
        "spec2": "exasp2-spack-v0.12.1",
        "1_package_name_overlap": 1.0,
        "2_package_name_version_exact": 1.0,
        "3_package_weighted_versions": 1.0,
        "4_parameter_overlap": 0.6363636363636364,
        "5_arch_overlap": 0.9090909090909091
    },
    "exasp2-spack-v0.12.0-exasp2-spack-v0.13.0": {
        "spec1": "exasp2-spack-v0.12.0",
        "spec2": "exasp2-spack-v0.13.0",
        "1_package_name_overlap": 0.44,
        "2_package_name_version_exact": 0.16129032258064516,
        "3_package_weighted_versions": 0.2280000000000003,
        "4_parameter_overlap": 0.19333333333333336,
        "5_arch_overlap": 0.2
    },
    "exasp2-spack-v0.12.0-exasp2-spack-v0.13.1": {
        "spec1": "exasp2-spack-v0.12.0",
        "spec2": "exasp2-spack-v0.13.1",
        "1_package_name_overlap": 0.44,
        "2_package_name_version_exact": 0.16129032258064516,
        "3_package_weighted_versions": 0.2280000000000003,
        "4_parameter_overlap": 0.19333333333333336,
        "5_arch_overlap": 0.2
    },
    "exasp2-spack-v0.12.0-exasp2-spack-v0.13.2": {
        "spec1": "exasp2-spack-v0.12.0",
        "spec2": "exasp2-spack-v0.13.2",
        "1_package_name_overlap": 0.44,
        "2_package_name_version_exact": 0.16129032258064516,
        "3_package_weighted_versions": 0.2280000000000003,
        "4_parameter_overlap": 0.19333333333333336,
        "5_arch_overlap": 0.2
    },
    "exasp2-spack-v0.12.0-exasp2-spack-v0.13.3": {
        "spec1": "exasp2-spack-v0.12.0",
        "spec2": "exasp2-spack-v0.13.3",
        "1_package_name_overlap": 0.44,
        "2_package_name_version_exact": 0.16129032258064516,
        "3_package_weighted_versions": 0.2280000000000003,
        "4_parameter_overlap": 0.19333333333333336,
        "5_arch_overlap": 0.2
    },
    "exasp2-spack-v0.12.0-exasp2-spack-v0.13.4": {
        "spec1": "exasp2-spack-v0.12.0",
        "spec2": "exasp2-spack-v0.13.4",
        "1_package_name_overlap": 0.44,
        "2_package_name_version_exact": 0.16129032258064516,
        "3_package_weighted_versions": 0.2280000000000003,
        "4_parameter_overlap": 0.19333333333333336,
        "5_arch_overlap": 0.2
    },
    "exasp2-spack-v0.12.0-exasp2-spack-v0.14.0": {
        "spec1": "exasp2-spack-v0.12.0",
        "spec2": "exasp2-spack-v0.14.0",
        "1_package_name_overlap": 0.44,
        "2_package_name_version_exact": 0.16129032258064516,
        "3_package_weighted_versions": 0.2,
        "4_parameter_overlap": 0.20333333333333337,
        "5_arch_overlap": 0.2
    },
    "exasp2-spack-v0.12.0-exasp2-spack-v0.14.1": {
        "spec1": "exasp2-spack-v0.12.0",
        "spec2": "exasp2-spack-v0.14.1",
        "1_package_name_overlap": 0.44,
        "2_package_name_version_exact": 0.16129032258064516,
        "3_package_weighted_versions": 0.2,
        "4_parameter_overlap": 0.20333333333333337,
        "5_arch_overlap": 0.2
    },
    "exasp2-spack-v0.12.0-exasp2-spack-v0.14.2": {
        "spec1": "exasp2-spack-v0.12.0",
        "spec2": "exasp2-spack-v0.14.2",
        "1_package_name_overlap": 0.44,
        "2_package_name_version_exact": 0.16129032258064516,
        "3_package_weighted_versions": 0.2,
        "4_parameter_overlap": 0.20333333333333337,
        "5_arch_overlap": 0.2
    },
    "exasp2-spack-v0.12.1-exasp2-spack-v0.12.1": {
        "spec1": "exasp2-spack-v0.12.1",
        "spec2": "exasp2-spack-v0.12.1",
        "1_package_name_overlap": 1,
        "2_package_name_version_exact": 1,
        "3_package_weighted_versions": 1,
        "4_parameter_overlap": 1,
        "5_arch_overlap": 1
    },
    "exasp2-spack-v0.12.1-exasp2-spack-v0.13.0": {
        "spec1": "exasp2-spack-v0.12.1",
        "spec2": "exasp2-spack-v0.13.0",
        "1_package_name_overlap": 0.44,
        "2_package_name_version_exact": 0.16129032258064516,
        "3_package_weighted_versions": 0.2280000000000003,
        "4_parameter_overlap": 0.19333333333333336,
        "5_arch_overlap": 0.2
    },
    "exasp2-spack-v0.12.1-exasp2-spack-v0.13.1": {
        "spec1": "exasp2-spack-v0.12.1",
        "spec2": "exasp2-spack-v0.13.1",
        "1_package_name_overlap": 0.44,
        "2_package_name_version_exact": 0.16129032258064516,
        "3_package_weighted_versions": 0.2280000000000003,
        "4_parameter_overlap": 0.19333333333333336,
        "5_arch_overlap": 0.2
    },
    "exasp2-spack-v0.12.1-exasp2-spack-v0.13.2": {
        "spec1": "exasp2-spack-v0.12.1",
        "spec2": "exasp2-spack-v0.13.2",
        "1_package_name_overlap": 0.44,
        "2_package_name_version_exact": 0.16129032258064516,
        "3_package_weighted_versions": 0.2280000000000003,
        "4_parameter_overlap": 0.19333333333333336,
        "5_arch_overlap": 0.2
    },
    "exasp2-spack-v0.12.1-exasp2-spack-v0.13.3": {
        "spec1": "exasp2-spack-v0.12.1",
        "spec2": "exasp2-spack-v0.13.3",
        "1_package_name_overlap": 0.44,
        "2_package_name_version_exact": 0.16129032258064516,
        "3_package_weighted_versions": 0.2280000000000003,
        "4_parameter_overlap": 0.19333333333333336,
        "5_arch_overlap": 0.2
    },
    "exasp2-spack-v0.12.1-exasp2-spack-v0.13.4": {
        "spec1": "exasp2-spack-v0.12.1",
        "spec2": "exasp2-spack-v0.13.4",
        "1_package_name_overlap": 0.44,
        "2_package_name_version_exact": 0.16129032258064516,
        "3_package_weighted_versions": 0.2280000000000003,
        "4_parameter_overlap": 0.19333333333333336,
        "5_arch_overlap": 0.2
    },
    "exasp2-spack-v0.12.1-exasp2-spack-v0.14.0": {
        "spec1": "exasp2-spack-v0.12.1",
        "spec2": "exasp2-spack-v0.14.0",
        "1_package_name_overlap": 0.44,
        "2_package_name_version_exact": 0.16129032258064516,
        "3_package_weighted_versions": 0.2,
        "4_parameter_overlap": 0.20333333333333337,
        "5_arch_overlap": 0.2
    },
    "exasp2-spack-v0.12.1-exasp2-spack-v0.14.1": {
        "spec1": "exasp2-spack-v0.12.1",
        "spec2": "exasp2-spack-v0.14.1",
        "1_package_name_overlap": 0.44,
        "2_package_name_version_exact": 0.16129032258064516,
        "3_package_weighted_versions": 0.2,
        "4_parameter_overlap": 0.20333333333333337,
        "5_arch_overlap": 0.2
    },
    "exasp2-spack-v0.12.1-exasp2-spack-v0.14.2": {
        "spec1": "exasp2-spack-v0.12.1",
        "spec2": "exasp2-spack-v0.14.2",
        "1_package_name_overlap": 0.44,
        "2_package_name_version_exact": 0.16129032258064516,
        "3_package_weighted_versions": 0.2,
        "4_parameter_overlap": 0.20333333333333337,
        "5_arch_overlap": 0.2
    },
    "exasp2-spack-v0.13.0-exasp2-spack-v0.13.0": {
        "spec1": "exasp2-spack-v0.13.0",
        "spec2": "exasp2-spack-v0.13.0",
        "1_package_name_overlap": 1,
        "2_package_name_version_exact": 1,
        "3_package_weighted_versions": 1,
        "4_parameter_overlap": 1,
        "5_arch_overlap": 1
    },
    "exasp2-spack-v0.13.0-exasp2-spack-v0.13.1": {
        "spec1": "exasp2-spack-v0.13.0",
        "spec2": "exasp2-spack-v0.13.1",
        "1_package_name_overlap": 1.0,
        "2_package_name_version_exact": 1.0,
        "3_package_weighted_versions": 1.0,
        "4_parameter_overlap": 0.36,
        "5_arch_overlap": 0.92
    },
    "exasp2-spack-v0.13.0-exasp2-spack-v0.13.2": {
        "spec1": "exasp2-spack-v0.13.0",
        "spec2": "exasp2-spack-v0.13.2",
        "1_package_name_overlap": 1.0,
        "2_package_name_version_exact": 1.0,
        "3_package_weighted_versions": 1.0,
        "4_parameter_overlap": 0.36,