{
    "dftfe-spack-v0.12.0-dftfe-spack-v0.12.0": {
        "spec1": "dftfe-spack-v0.12.0",
        "spec2": "dftfe-spack-v0.12.0",
        "1_package_name_overlap": 1,
        "2_package_name_version_exact": 1,
        "3_package_weighted_versions": 1,
        "4_parameter_overlap": 1,
        "5_arch_overlap": 1
    },
    "dftfe-spack-v0.12.0-dftfe-spack-v0.12.1": {
        "spec1": "dftfe-spack-v0.12.0",
        "spec2": "dftfe-spack-v0.12.1",
        "1_package_name_overlap": 1.0,
        "2_package_name_version_exact": 1.0,
        "3_package_weighted_versions": 1.0,
        "4_parameter_overlap": 0.6818181818181818,
        "5_arch_overlap": 0.8863636363636364
    },
    "dftfe-spack-v0.12.0-dftfe-spack-v0.13.0": {
        "spec1": "dftfe-spack-v0.12.0",
        "spec2": "dftfe-spack-v0.13.0",
        "1_package_name_overlap": 0.6285714285714286,
        "2_package_name_version_exact": 0.25274725274725274,
        "3_package_weighted_versions": 0.3637414965986395,
        "4_parameter_overlap": 0.35878306878306876,
        "5_arch_overlap": 0.2785714285714286
    },
    "dftfe-spack-v0.12.0-dftfe-spack-v0.14.0": {
        "spec1": "dftfe-spack-v0.12.0",
        "spec2": "dftfe-spack-v0.14.0",
        "1_package_name_overlap": 0.6056338028169014,
        "2_package_name_version_exact": 0.22580645161290322,
        "3_package_weighted_versions": 0.29577464788732394,
        "4_parameter_overlap": 0.3473997833152763,
        "5_arch_overlap": 0.2676056338028169
    },
    "dftfe-spack-v0.12.0-dftfe-spack-v0.14.1": {
        "spec1": "dftfe-spack-v0.12.0",
        "spec2": "dftfe-spack-v0.14.1",
        "1_package_name_overlap": 0.6056338028169014,
        "2_package_name_version_exact": 0.22580645161290322,
        "3_package_weighted_versions": 0.29577464788732394,
        "4_parameter_overlap": 0.3473997833152763,
        "5_arch_overlap": 0.2676056338028169
    },
    "dftfe-spack-v0.12.0-dftfe-spack-v0.14.2": {
        "spec1": "dftfe-spack-v0.12.0",
        "spec2": "dftfe-spack-v0.14.2",
        "1_package_name_overlap": 0.6056338028169014,
        "2_package_name_version_exact": 0.22580645161290322,
        "3_package_weighted_versions": 0.29577464788732394,
        "4_parameter_overlap": 0.3473997833152763,
        "5_arch_overlap": 0.2676056338028169
    },
    "dftfe-spack-v0.12.1-dftfe-spack-v0.12.1": {
        "spec1": "dftfe-spack-v0.12.1",
        "spec2": "dftfe-spack-v0.12.1",
        "1_package_name_overlap": 1,
        "2_package_name_version_exact": 1,
        "3_package_weighted_versions": 1,
        "4_parameter_overlap": 1,
        "5_arch_overlap": 1
    },
    "dftfe-spack-v0.12.1-dftfe-spack-v0.13.0": {
        "spec1": "dftfe-spack-v0.12.1",
        "spec2": "dftfe-spack-v0.13.0",
        "1_package_name_overlap": 0.6285714285714286,
        "2_package_name_version_exact": 0.25274725274725274,
        "3_package_weighted_versions": 0.3637414965986395,
        "4_parameter_overlap": 0.35878306878306876,
        "5_arch_overlap": 0.2785714285714286
    },
    "dftfe-spack-v0.12.1-dftfe-spack-v0.14.0": {
        "spec1": "dftfe-spack-v0.12.1",
        "spec2": "dftfe-spack-v0.14.0",
        "1_package_name_overlap": 0.6056338028169014,
        "2_package_name_version_exact": 0.22580645161290322,
        "3_package_weighted_versions": 0.29577464788732394,
        "4_parameter_overlap": 0.3473997833152763,
        "5_arch_overlap": 0.2676056338028169
    },
    "dftfe-spack-v0.12.1-dftfe-spack-v0.14.1": {
        "spec1": "dftfe-spack-v0.12.1",
        "spec2": "dftfe-spack-v0.14.1",
        "1_package_name_overlap": 0.6056338028169014,
        "2_package_name_version_exact": 0.22580645161290322,
        "3_package_weighted_versions": 0.29577464788732394,
        "4_parameter_overlap": 0.3473997833152763,
        "5_arch_overlap": 0.2676056338028169
    },
    "dftfe-spack-v0.12.1-dftfe-spack-v0.14.2": {
        "spec1": "dftfe-spack-v0.12.1",
        "spec2": "dftfe-spack-v0.14.2",
        "1_package_name_overlap": 0.6056338028169014,
        "2_package_name_version_exact": 0.22580645161290322,
        "3_package_weighted_versions": 0.29577464788732394,
        "4_parameter_overlap": 0.3473997833152763,
        "5_arch_overlap": 0.2676056338028169
    },
    "dftfe-spack-v0.13.0-dftfe-spack-v0.13.0": {
        "spec1": "dftfe-spack-v0.13.0",
        "spec2": "dftfe-spack-v0.13.0",
        "1_package_name_overlap": 1,
        "2_package_name_version_exact": 1,
        "3_package_weighted_versions": 1,
        "4_parameter_overlap": 1,
        "5_arch_overlap": 1
    },
    "dftfe-spack-v0.13.0-dftfe-spack-v0.14.0": {
        "spec1": "dftfe-spack-v0.13.0",
        "spec2": "dftfe-spack-v0.14.0",
        "1_package_name_overlap": 0.971830985915493,
        "2_package_name_version_exact": 0.6470588235294118,
        "3_package_weighted_versions": 0.8244802146210597,
        "4_parameter_overlap": 0.5314987360057783,
        "5_arch_overlap": 0.8873239436619719
    },
    "dftfe-spack-v0.13.0-dftfe-spack-v0.14.1": {
        "spec1": "dftfe-spack-v0.13.0",
        "spec2": "dftfe-spack-v0.14.1",
        "1_package_name_overlap": 0.971830985915493,
        "2_package_name_version_exact": 0.6470588235294118,
        "3_package_weighted_versions": 0.8244802146210597,
        "4_parameter_overlap": 0.5314987360057783,
        "5_arch_overlap": 0.8873239436619719
    },
    "dftfe-spack-v0.13.0-dftfe-spack-v0.14.2": {
        "spec1": "dftfe-spack-v0.13.0",
        "spec2": "dftfe-spack-v0.14.2",
        "1_package_name_overlap": 0.971830985915493,
        "2_package_name_version_exact": 0.6470588235294118,
        "3_package_weighted_versions": 0.8244802146210597,
        "4_parameter_overlap": 0.5314987360057783,
        "5_arch_overlap": 0.8873239436619719
    },
    "dftfe-spack-v0.14.0-dftfe-spack-v0.14.0": {
        "spec1": "dftfe-spack-v0.14.0",
        "spec2": "dftfe-spack-v0.14.0",
        "1_package_name_overlap": 1,
        "2_package_name_version_exact": 1,
        "3_package_weighted_versions": 1,
        "4_parameter_overlap": 1,
        "5_arch_overlap": 1
    },
    "dftfe-spack-v0.14.0-dftfe-spack-v0.14.1": {
        "spec1": "dftfe-spack-v0.14.0",
        "spec2": "dftfe-spack-v0.14.1",
        "1_package_name_overlap": 1.0,
        "2_package_name_version_exact": 1.0,
        "3_package_weighted_versions": 1.0,
        "4_parameter_overlap": 0.5714285714285714,
        "5_arch_overlap": 0.9142857142857143
    },
    "dftfe-spack-v0.14.0-dftfe-spack-v0.14.2": {
        "spec1": "dftfe-spack-v0.14.0",
        "spec2": "dftfe-spack-v0.14.2",
        "1_package_name_overlap": 1.0,
        "2_package_name_version_exact": 1.0,
        "3_package_weighted_versions": 1.0,
        "4_parameter_overlap": 0.5714285714285714,
        "5_arch_overlap": 0.9142857142857143
    },
    "dftfe-spack-v0.14.1-dftfe-spack-v0.14.1": {
        "spec1": "dftfe-spack-v0.14.1",
        "spec2": "dftfe-spack-v0.14.1",
        "1_package_name_overlap": 1,
        "2_package_name_version_exact": 1,
        "3_package_weighted_versions": 1,
        "4_parameter_overlap": 1,
        "5_arch_overlap": 1
    },
    "dftfe-spack-v0.14.1-dftfe-spack-v0.14.2": {
        "spec1": "dftfe-spack-v0.14.1",
        "spec2": "dftfe-spack-v0.14.2",
        "1_package_name_overlap": 1.0,
        "2_package_name_version_exact": 1.0,
        "3_package_weighted_versions": 1.0,
        "4_parameter_overlap": 0.5714285714285714,
        "5_arch_overlap": 0.9142857142857143
    },
    "dftfe-spack-v0.14.2-dftfe-spack-v0.14.2": {
        "spec1": "dftfe-spack-v0.14.2",
        "spec2": "dftfe-spack-v0.14.2",
        "1_package_name_overlap": 1,
        "2_package_name_version_exact": 1,
        "3_package_weighted_versions": 1,
        "4_parameter_overlap": 1,
        "5_arch_overlap": 1
    }
}