{
    "er-spack-v0.12.0-er-spack-v0.12.0": {
        "spec1": "er-spack-v0.12.0",
        "spec2": "er-spack-v0.12.0",
        "1_package_name_overlap": 1,
        "2_package_name_version_exact": 1,
        "3_package_weighted_versions": 1,
        "4_parameter_overlap": 1,
        "5_arch_overlap": 1
    },
    "er-spack-v0.12.0-er-spack-v0.12.1": {
        "spec1": "er-spack-v0.12.0",
        "spec2": "er-spack-v0.12.1",
        "1_package_name_overlap": 1.0,
        "2_package_name_version_exact": 1.0,
        "3_package_weighted_versions": 1.0,
        "4_parameter_overlap": 0.6923076923076923,
        "5_arch_overlap": 0.9230769230769231
    },
    "er-spack-v0.12.0-er-spack-v0.13.0": {
        "spec1": "er-spack-v0.12.0",
        "spec2": "er-spack-v0.13.0",
        "1_package_name_overlap": 0.48148148148148145,
        "2_package_name_version_exact": 0.2903225806451613,
        "3_package_weighted_versions": 0.3518518518518522,
        "4_parameter_overlap": 0.2716049382716049,
        "5_arch_overlap": 0.2222222222222222
    },
    "er-spack-v0.12.0-er-spack-v0.13.1": {
        "spec1": "er-spack-v0.12.0",
        "spec2": "er-spack-v0.13.1",
        "1_package_name_overlap": 0.48148148148148145,
        "2_package_name_version_exact": 0.2903225806451613,
        "3_package_weighted_versions": 0.3518518518518522,
        "4_parameter_overlap": 0.2716049382716049,
        "5_arch_overlap": 0.2222222222222222
    },
    "er-spack-v0.12.0-er-spack-v0.13.2": {
        "spec1": "er-spack-v0.12.0",
        "spec2": "er-spack-v0.13.2",
        "1_package_name_overlap": 0.48148148148148145,
        "2_package_name_version_exact": 0.2903225806451613,
        "3_package_weighted_versions": 0.3518518518518522,
        "4_parameter_overlap": 0.2716049382716049,
        "5_arch_overlap": 0.2222222222222222
    },
    "er-spack-v0.12.0-er-spack-v0.13.3": {
        "spec1": "er-spack-v0.12.0",
        "spec2": "er-spack-v0.13.3",
        "1_package_name_overlap": 0.48148148148148145,
        "2_package_name_version_exact": 0.2903225806451613,
        "3_package_weighted_versions": 0.3518518518518522,
        "4_parameter_overlap": 0.2716049382716049,
        "5_arch_overlap": 0.2222222222222222
    },
    "er-spack-v0.12.0-er-spack-v0.13.4": {
        "spec1": "er-spack-v0.12.0",
        "spec2": "er-spack-v0.13.4",
        "1_package_name_overlap": 0.48148148148148145,
        "2_package_name_version_exact": 0.2903225806451613,
        "3_package_weighted_versions": 0.3518518518518522,
        "4_parameter_overlap": 0.2716049382716049,
        "5_arch_overlap": 0.2222222222222222
    },
    "er-spack-v0.12.0-er-spack-v0.14.0": {
        "spec1": "er-spack-v0.12.0",
        "spec2": "er-spack-v0.14.0",
        "1_package_name_overlap": 0.48148148148148145,
        "2_package_name_version_exact": 0.2903225806451613,
        "3_package_weighted_versions": 0.3333333333333333,
        "4_parameter_overlap": 0.2716049382716049,
        "5_arch_overlap": 0.2222222222222222
    },
    "er-spack-v0.12.0-er-spack-v0.14.1": {
        "spec1": "er-spack-v0.12.0",
        "spec2": "er-spack-v0.14.1",
        "1_package_name_overlap": 0.48148148148148145,
        "2_package_name_version_exact": 0.2903225806451613,
        "3_package_weighted_versions": 0.3333333333333333,
        "4_parameter_overlap": 0.2716049382716049,
        "5_arch_overlap": 0.2222222222222222
    },
    "er-spack-v0.12.0-er-spack-v0.14.2": {
        "spec1": "er-spack-v0.12.0",
        "spec2": "er-spack-v0.14.2",
        "1_package_name_overlap": 0.48148148148148145,
        "2_package_name_version_exact": 0.2903225806451613,
        "3_package_weighted_versions": 0.3333333333333333,
        "4_parameter_overlap": 0.2716049382716049,
        "5_arch_overlap": 0.2222222222222222
    },
    "er-spack-v0.12.1-er-spack-v0.12.1": {
        "spec1": "er-spack-v0.12.1",
        "spec2": "er-spack-v0.12.1",
        "1_package_name_overlap": 1,
        "2_package_name_version_exact": 1,
        "3_package_weighted_versions": 1,
        "4_parameter_overlap": 1,
        "5_arch_overlap": 1
    },
    "er-spack-v0.12.1-er-spack-v0.13.0": {
        "spec1": "er-spack-v0.12.1",
        "spec2": "er-spack-v0.13.0",
        "1_package_name_overlap": 0.48148148148148145,
        "2_package_name_version_exact": 0.2903225806451613,
        "3_package_weighted_versions": 0.3518518518518522,
        "4_parameter_overlap": 0.2716049382716049,
        "5_arch_overlap": 0.2222222222222222
    },
    "er-spack-v0.12.1-er-spack-v0.13.1": {
        "spec1": "er-spack-v0.12.1",
        "spec2": "er-spack-v0.13.1",
        "1_package_name_overlap": 0.48148148148148145,
        "2_package_name_version_exact": 0.2903225806451613,
        "3_package_weighted_versions": 0.3518518518518522,
        "4_parameter_overlap": 0.2716049382716049,
        "5_arch_overlap": 0.2222222222222222
    },
    "er-spack-v0.12.1-er-spack-v0.13.2": {
        "spec1": "er-spack-v0.12.1",
        "spec2": "er-spack-v0.13.2",
        "1_package_name_overlap": 0.48148148148148145,
        "2_package_name_version_exact": 0.2903225806451613,
        "3_package_weighted_versions": 0.3518518518518522,
        "4_parameter_overlap": 0.2716049382716049,
        "5_arch_overlap": 0.2222222222222222
    },
    "er-spack-v0.12.1-er-spack-v0.13.3": {
        "spec1": "er-spack-v0.12.1",
        "spec2": "er-spack-v0.13.3",
        "1_package_name_overlap": 0.48148148148148145,
        "2_package_name_version_exact": 0.2903225806451613,
        "3_package_weighted_versions": 0.3518518518518522,
        "4_parameter_overlap": 0.2716049382716049,
        "5_arch_overlap": 0.2222222222222222
    },
    "er-spack-v0.12.1-er-spack-v0.13.4": {
        "spec1": "er-spack-v0.12.1",
        "spec2": "er-spack-v0.13.4",
        "1_package_name_overlap": 0.48148148148148145,
        "2_package_name_version_exact": 0.2903225806451613,
        "3_package_weighted_versions": 0.3518518518518522,
        "4_parameter_overlap": 0.2716049382716049,
        "5_arch_overlap": 0.2222222222222222
    },
    "er-spack-v0.12.1-er-spack-v0.14.0": {
        "spec1": "er-spack-v0.12.1",
        "spec2": "er-spack-v0.14.0",
        "1_package_name_overlap": 0.48148148148148145,
        "2_package_name_version_exact": 0.2903225806451613,
        "3_package_weighted_versions": 0.3333333333333333,
        "4_parameter_overlap": 0.2716049382716049,
        "5_arch_overlap": 0.2222222222222222
    },
    "er-spack-v0.12.1-er-spack-v0.14.1": {
        "spec1": "er-spack-v0.12.1",
        "spec2": "er-spack-v0.14.1",
        "1_package_name_overlap": 0.48148148148148145,
        "2_package_name_version_exact": 0.2903225806451613,
        "3_package_weighted_versions": 0.3333333333333333,
        "4_parameter_overlap": 0.2716049382716049,
        "5_arch_overlap": 0.2222222222222222
    },
    "er-spack-v0.12.1-er-spack-v0.14.2": {
        "spec1": "er-spack-v0.12.1",
        "spec2": "er-spack-v0.14.2",
        "1_package_name_overlap": 0.48148148148148145,
        "2_package_name_version_exact": 0.2903225806451613,
        "3_package_weighted_versions": 0.3333333333333333,
        "4_parameter_overlap": 0.2716049382716049,
        "5_arch_overlap": 0.2222222222222222
    },
    "er-spack-v0.13.0-er-spack-v0.13.0": {
        "spec1": "er-spack-v0.13.0",
        "spec2": "er-spack-v0.13.0",
        "1_package_name_overlap": 1,
        "2_package_name_version_exact": 1,
        "3_package_weighted_versions": 1,
        "4_parameter_overlap": 1,
        "5_arch_overlap": 1
    },
    "er-spack-v0.13.0-er-spack-v0.13.1": {
        "spec1": "er-spack-v0.13.0",
        "spec2": "er-spack-v0.13.1",
        "1_package_name_overlap": 1.0,
        "2_package_name_version_exact": 1.0,
        "3_package_weighted_versions": 1.0,
        "4_parameter_overlap": 0.4074074074074074,
        "5_arch_overlap": 0.9259259259259259
    },