{
    "r-ggmap-spack-v0.11.0-r-ggmap-spack-v0.11.0": {
        "spec1": "r-ggmap-spack-v0.11.0",
        "spec2": "r-ggmap-spack-v0.11.0",
        "1_package_name_overlap": 1,
        "2_package_name_version_exact": 1,
        "3_package_weighted_versions": 1,
        "4_parameter_overlap": 1,
        "5_arch_overlap": 1
    },
    "r-ggmap-spack-v0.11.0-r-ggmap-spack-v0.11.1": {
        "spec1": "r-ggmap-spack-v0.11.0",
        "spec2": "r-ggmap-spack-v0.11.1",
        "1_package_name_overlap": 1.0,
        "2_package_name_version_exact": 0.9746835443037974,
        "3_package_weighted_versions": 0.9957264957264957,
        "4_parameter_overlap": 0.11538461538461539,
        "5_arch_overlap": 0.782051282051282
    },
    "r-ggmap-spack-v0.11.0-r-ggmap-spack-v0.11.2": {
        "spec1": "r-ggmap-spack-v0.11.0",
        "spec2": "r-ggmap-spack-v0.11.2",
        "1_package_name_overlap": 0.9743589743589743,
        "2_package_name_version_exact": 0.75,
        "3_package_weighted_versions": 0.8846015991177282,
        "4_parameter_overlap": 0.11538461538461539,
        "5_arch_overlap": 0.7564102564102564
    },
    "r-ggmap-spack-v0.11.0-r-ggmap-spack-v0.12.0": {
        "spec1": "r-ggmap-spack-v0.11.0",
        "spec2": "r-ggmap-spack-v0.12.0",
        "1_package_name_overlap": 0.9743589743589743,
        "2_package_name_version_exact": 0.4528301886792453,
        "3_package_weighted_versions": 0.6153846153846154,
        "4_parameter_overlap": 0.07179487179487179,
        "5_arch_overlap": 0.7564102564102564
    },
    "r-ggmap-spack-v0.11.0-r-ggmap-spack-v0.12.1": {
        "spec1": "r-ggmap-spack-v0.11.0",
        "spec2": "r-ggmap-spack-v0.12.1",
        "1_package_name_overlap": 0.9743589743589743,
        "2_package_name_version_exact": 0.4528301886792453,
        "3_package_weighted_versions": 0.6153846153846154,
        "4_parameter_overlap": 0.07179487179487179,
        "5_arch_overlap": 0.7564102564102564
    },
    "r-ggmap-spack-v0.11.1-r-ggmap-spack-v0.11.1": {
        "spec1": "r-ggmap-spack-v0.11.1",
        "spec2": "r-ggmap-spack-v0.11.1",
        "1_package_name_overlap": 1,
        "2_package_name_version_exact": 1,
        "3_package_weighted_versions": 1,
        "4_parameter_overlap": 1,
        "5_arch_overlap": 1
    },
    "r-ggmap-spack-v0.11.1-r-ggmap-spack-v0.11.2": {
        "spec1": "r-ggmap-spack-v0.11.1",
        "spec2": "r-ggmap-spack-v0.11.2",
        "1_package_name_overlap": 0.9743589743589743,
        "2_package_name_version_exact": 0.7701149425287356,
        "3_package_weighted_versions": 0.8888751033912325,
        "4_parameter_overlap": 0.11538461538461539,
        "5_arch_overlap": 0.7564102564102564
    },
    "r-ggmap-spack-v0.11.1-r-ggmap-spack-v0.12.0": {
        "spec1": "r-ggmap-spack-v0.11.1",
        "spec2": "r-ggmap-spack-v0.12.0",
        "1_package_name_overlap": 0.9743589743589743,
        "2_package_name_version_exact": 0.4528301886792453,
        "3_package_weighted_versions": 0.6196581196581196,
        "4_parameter_overlap": 0.07179487179487179,
        "5_arch_overlap": 0.7564102564102564
    },
    "r-ggmap-spack-v0.11.1-r-ggmap-spack-v0.12.1": {
        "spec1": "r-ggmap-spack-v0.11.1",
        "spec2": "r-ggmap-spack-v0.12.1",
        "1_package_name_overlap": 0.9743589743589743,
        "2_package_name_version_exact": 0.4528301886792453,
        "3_package_weighted_versions": 0.6196581196581196,
        "4_parameter_overlap": 0.07179487179487179,
        "5_arch_overlap": 0.7564102564102564
    },
    "r-ggmap-spack-v0.11.2-r-ggmap-spack-v0.11.2": {
        "spec1": "r-ggmap-spack-v0.11.2",
        "spec2": "r-ggmap-spack-v0.11.2",
        "1_package_name_overlap": 1,
        "2_package_name_version_exact": 1,
        "3_package_weighted_versions": 1,
        "4_parameter_overlap": 1,
        "5_arch_overlap": 1
    },
    "r-ggmap-spack-v0.11.2-r-ggmap-spack-v0.12.0": {
        "spec1": "r-ggmap-spack-v0.11.2",
        "spec2": "r-ggmap-spack-v0.12.0",
        "1_package_name_overlap": 1.0,
        "2_package_name_version_exact": 0.52,
        "3_package_weighted_versions": 0.7105404640633842,
        "4_parameter_overlap": 0.07368421052631578,
        "5_arch_overlap": 0.7763157894736842
    },
    "r-ggmap-spack-v0.11.2-r-ggmap-spack-v0.12.1": {
        "spec1": "r-ggmap-spack-v0.11.2",
        "spec2": "r-ggmap-spack-v0.12.1",
        "1_package_name_overlap": 1.0,
        "2_package_name_version_exact": 0.52,
        "3_package_weighted_versions": 0.7105404640633842,
        "4_parameter_overlap": 0.07368421052631578,
        "5_arch_overlap": 0.7763157894736842
    },
    "r-ggmap-spack-v0.12.0-r-ggmap-spack-v0.12.0": {
        "spec1": "r-ggmap-spack-v0.12.0",
        "spec2": "r-ggmap-spack-v0.12.0",
        "1_package_name_overlap": 1,
        "2_package_name_version_exact": 1,
        "3_package_weighted_versions": 1,
        "4_parameter_overlap": 1,
        "5_arch_overlap": 1
    },
    "r-ggmap-spack-v0.12.0-r-ggmap-spack-v0.12.1": {
        "spec1": "r-ggmap-spack-v0.12.0",
        "spec2": "r-ggmap-spack-v0.12.1",
        "1_package_name_overlap": 1.0,
        "2_package_name_version_exact": 1.0,
        "3_package_weighted_versions": 1.0,
        "4_parameter_overlap": 0.09210526315789473,
        "5_arch_overlap": 0.7763157894736842
    },
    "r-ggmap-spack-v0.12.1-r-ggmap-spack-v0.12.1": {
        "spec1": "r-ggmap-spack-v0.12.1",
        "spec2": "r-ggmap-spack-v0.12.1",
        "1_package_name_overlap": 1,
        "2_package_name_version_exact": 1,
        "3_package_weighted_versions": 1,
        "4_parameter_overlap": 1,
        "5_arch_overlap": 1
    }
}