{
    "dealii-spack-v0.11.0-dealii-spack-v0.11.0": {
        "spec1": "dealii-spack-v0.11.0",
        "spec2": "dealii-spack-v0.11.0",
        "1_package_name_overlap": 1,
        "2_package_name_version_exact": 1,
        "3_package_weighted_versions": 1,
        "4_parameter_overlap": 1,
        "5_arch_overlap": 1
    },
    "dealii-spack-v0.11.0-dealii-spack-v0.11.1": {
        "spec1": "dealii-spack-v0.11.0",
        "spec2": "dealii-spack-v0.11.1",
        "1_package_name_overlap": 1.0,
        "2_package_name_version_exact": 1.0,
        "3_package_weighted_versions": 1.0,
        "4_parameter_overlap": 0.5945945945945946,
        "5_arch_overlap": 0.8378378378378378
    },
    "dealii-spack-v0.11.0-dealii-spack-v0.12.0": {
        "spec1": "dealii-spack-v0.11.0",
        "spec2": "dealii-spack-v0.12.0",
        "1_package_name_overlap": 0.6956521739130435,
        "2_package_name_version_exact": 0.2,
        "3_package_weighted_versions": 0.3798266517821287,
        "4_parameter_overlap": 0.3678856129066508,
        "5_arch_overlap": 0.5869565217391305
    },
    "dealii-spack-v0.11.0-dealii-spack-v0.12.1": {
        "spec1": "dealii-spack-v0.11.0",
        "spec2": "dealii-spack-v0.12.1",
        "1_package_name_overlap": 0.6956521739130435,
        "2_package_name_version_exact": 0.2,
        "3_package_weighted_versions": 0.3798266517821287,
        "4_parameter_overlap": 0.3678856129066508,
        "5_arch_overlap": 0.5869565217391305
    },
    "dealii-spack-v0.11.0-dealii-spack-v0.13.0": {
        "spec1": "dealii-spack-v0.11.0",
        "spec2": "dealii-spack-v0.13.0",
        "1_package_name_overlap": 0.5522388059701493,
        "2_package_name_version_exact": 0.08333333333333333,
        "3_package_weighted_versions": 0.1440581791075902,
        "4_parameter_overlap": 0.22534932653833237,
        "5_arch_overlap": 0.23134328358208955
    },
    "dealii-spack-v0.11.0-dealii-spack-v0.14.0": {
        "spec1": "dealii-spack-v0.11.0",
        "spec2": "dealii-spack-v0.14.0",
        "1_package_name_overlap": 0.5294117647058824,
        "2_package_name_version_exact": 0.07216494845360824,
        "3_package_weighted_versions": 0.1045864553427515,
        "4_parameter_overlap": 0.22731617791864472,
        "5_arch_overlap": 0.22794117647058823
    },
    "dealii-spack-v0.11.0-dealii-spack-v0.14.1": {
        "spec1": "dealii-spack-v0.11.0",
        "spec2": "dealii-spack-v0.14.1",
        "1_package_name_overlap": 0.5294117647058824,
        "2_package_name_version_exact": 0.07216494845360824,
        "3_package_weighted_versions": 0.1045864553427515,
        "4_parameter_overlap": 0.22731617791864472,
        "5_arch_overlap": 0.22794117647058823
    },
    "dealii-spack-v0.11.0-dealii-spack-v0.14.2": {
        "spec1": "dealii-spack-v0.11.0",
        "spec2": "dealii-spack-v0.14.2",
        "1_package_name_overlap": 0.5294117647058824,
        "2_package_name_version_exact": 0.07216494845360824,
        "3_package_weighted_versions": 0.1045864553427515,
        "4_parameter_overlap": 0.22731617791864472,
        "5_arch_overlap": 0.22794117647058823
    },
    "dealii-spack-v0.11.1-dealii-spack-v0.11.1": {
        "spec1": "dealii-spack-v0.11.1",
        "spec2": "dealii-spack-v0.11.1",
        "1_package_name_overlap": 1,
        "2_package_name_version_exact": 1,
        "3_package_weighted_versions": 1,
        "4_parameter_overlap": 1,
        "5_arch_overlap": 1
    },
    "dealii-spack-v0.11.1-dealii-spack-v0.12.0": {
        "spec1": "dealii-spack-v0.11.1",
        "spec2": "dealii-spack-v0.12.0",
        "1_package_name_overlap": 0.6956521739130435,
        "2_package_name_version_exact": 0.2,
        "3_package_weighted_versions": 0.3798266517821287,
        "4_parameter_overlap": 0.3678856129066508,
        "5_arch_overlap": 0.5869565217391305
    },
    "dealii-spack-v0.11.1-dealii-spack-v0.12.1": {
        "spec1": "dealii-spack-v0.11.1",
        "spec2": "dealii-spack-v0.12.1",
        "1_package_name_overlap": 0.6956521739130435,
        "2_package_name_version_exact": 0.2,
        "3_package_weighted_versions": 0.3798266517821287,
        "4_parameter_overlap": 0.3678856129066508,
        "5_arch_overlap": 0.5869565217391305
    },
    "dealii-spack-v0.11.1-dealii-spack-v0.13.0": {
        "spec1": "dealii-spack-v0.11.1",
        "spec2": "dealii-spack-v0.13.0",
        "1_package_name_overlap": 0.5522388059701493,
        "2_package_name_version_exact": 0.08333333333333333,
        "3_package_weighted_versions": 0.1440581791075902,
        "4_parameter_overlap": 0.22534932653833237,
        "5_arch_overlap": 0.23134328358208955
    },
    "dealii-spack-v0.11.1-dealii-spack-v0.14.0": {
        "spec1": "dealii-spack-v0.11.1",
        "spec2": "dealii-spack-v0.14.0",
        "1_package_name_overlap": 0.5294117647058824,
        "2_package_name_version_exact": 0.07216494845360824,
        "3_package_weighted_versions": 0.1045864553427515,
        "4_parameter_overlap": 0.22731617791864472,
        "5_arch_overlap": 0.22794117647058823
    },
    "dealii-spack-v0.11.1-dealii-spack-v0.14.1": {
        "spec1": "dealii-spack-v0.11.1",
        "spec2": "dealii-spack-v0.14.1",
        "1_package_name_overlap": 0.5294117647058824,
        "2_package_name_version_exact": 0.07216494845360824,
        "3_package_weighted_versions": 0.1045864553427515,
        "4_parameter_overlap": 0.22731617791864472,
        "5_arch_overlap": 0.22794117647058823
    },
    "dealii-spack-v0.11.1-dealii-spack-v0.14.2": {
        "spec1": "dealii-spack-v0.11.1",
        "spec2": "dealii-spack-v0.14.2",
        "1_package_name_overlap": 0.5294117647058824,
        "2_package_name_version_exact": 0.07216494845360824,
        "3_package_weighted_versions": 0.1045864553427515,
        "4_parameter_overlap": 0.22731617791864472,
        "5_arch_overlap": 0.22794117647058823
    },
    "dealii-spack-v0.12.0-dealii-spack-v0.12.0": {
        "spec1": "dealii-spack-v0.12.0",
        "spec2": "dealii-spack-v0.12.0",
        "1_package_name_overlap": 1,
        "2_package_name_version_exact": 1,
        "3_package_weighted_versions": 1,
        "4_parameter_overlap": 1,
        "5_arch_overlap": 1
    },
    "dealii-spack-v0.12.0-dealii-spack-v0.12.1": {
        "spec1": "dealii-spack-v0.12.0",
        "spec2": "dealii-spack-v0.12.1",
        "1_package_name_overlap": 1.0,
        "2_package_name_version_exact": 1.0,
        "3_package_weighted_versions": 1.0,
        "4_parameter_overlap": 0.7073170731707317,
        "5_arch_overlap": 0.8536585365853658
    },
    "dealii-spack-v0.12.0-dealii-spack-v0.13.0": {
        "spec1": "dealii-spack-v0.12.0",
        "spec2": "dealii-spack-v0.13.0",
        "1_package_name_overlap": 0.6119402985074627,
        "2_package_name_version_exact": 0.22727272727272727,
        "3_package_weighted_versions": 0.43145652242354576,
        "4_parameter_overlap": 0.36130699161198837,
        "5_arch_overlap": 0.26119402985074625
    },
    "dealii-spack-v0.12.0-dealii-spack-v0.14.0": {
        "spec1": "dealii-spack-v0.12.0",
        "spec2": "dealii-spack-v0.14.0",
        "1_package_name_overlap": 0.5882352941176471,
        "2_package_name_version_exact": 0.2,
        "3_package_weighted_versions": 0.38803953565245797,
        "4_parameter_overlap": 0.36111990950226247,
        "5_arch_overlap": 0.25735294117647056
    },
    "dealii-spack-v0.12.0-dealii-spack-v0.14.1": {
        "spec1": "dealii-spack-v0.12.0",
        "spec2": "dealii-spack-v0.14.1",
        "1_package_name_overlap": 0.5882352941176471,
        "2_package_name_version_exact": 0.2,
        "3_package_weighted_versions": 0.38803953565245797,
        "4_parameter_overlap": 0.36111990950226247,
        "5_arch_overlap": 0.25735294117647056
    },
    "dealii-spack-v0.12.0-dealii-spack-v0.14.2": {
        "spec1": "dealii-spack-v0.12.0",
        "spec2": "dealii-spack-v0.14.2",
        "1_package_name_overlap": 0.5882352941176471,