{
    "acl-spack-v0.15.0-acl-spack-v0.15.0": {
        "spec1": "acl-spack-v0.15.0",
        "spec2": "acl-spack-v0.15.0",
        "1_package_name_overlap": 1,
        "2_package_name_version_exact": 1,
        "3_package_weighted_versions": 1,
        "4_parameter_overlap": 1,
        "5_arch_overlap": 1
    },
    "acl-spack-v0.15.0-acl-spack-v0.15.1": {
        "spec1": "acl-spack-v0.15.0",
        "spec2": "acl-spack-v0.15.1",
        "1_package_name_overlap": 1.0,
        "2_package_name_version_exact": 1.0,
        "3_package_weighted_versions": 1.0,
        "4_parameter_overlap": 0.23076923076923078,
        "5_arch_overlap": 0.9230769230769231
    },
    "acl-spack-v0.15.0-acl-spack-v0.15.2": {
        "spec1": "acl-spack-v0.15.0",
        "spec2": "acl-spack-v0.15.2",
        "1_package_name_overlap": 1.0,
        "2_package_name_version_exact": 1.0,
        "3_package_weighted_versions": 1.0,
        "4_parameter_overlap": 0.23076923076923078,
        "5_arch_overlap": 0.9230769230769231
    },
    "acl-spack-v0.15.0-acl-spack-v0.15.3": {
        "spec1": "acl-spack-v0.15.0",
        "spec2": "acl-spack-v0.15.3",
        "1_package_name_overlap": 1.0,
        "2_package_name_version_exact": 1.0,
        "3_package_weighted_versions": 1.0,
        "4_parameter_overlap": 0.23076923076923078,
        "5_arch_overlap": 0.9230769230769231
    },
    "acl-spack-v0.15.0-acl-spack-v0.15.4": {
        "spec1": "acl-spack-v0.15.0",
        "spec2": "acl-spack-v0.15.4",
        "1_package_name_overlap": 1.0,
        "2_package_name_version_exact": 1.0,
        "3_package_weighted_versions": 1.0,
        "4_parameter_overlap": 0.23076923076923078,
        "5_arch_overlap": 0.9230769230769231
    },
    "acl-spack-v0.15.0-acl-spack-v0.16.0": {
        "spec1": "acl-spack-v0.15.0",
        "spec2": "acl-spack-v0.16.0",
        "1_package_name_overlap": 0.5909090909090909,
        "2_package_name_version_exact": 0.5217391304347826,
        "3_package_weighted_versions": 0.5454545454545454,
        "4_parameter_overlap": 0.13636363636363635,
        "5_arch_overlap": 0.5454545454545454
    },
    "acl-spack-v0.15.0-acl-spack-v0.16.1": {
        "spec1": "acl-spack-v0.15.0",
        "spec2": "acl-spack-v0.16.1",
        "1_package_name_overlap": 0.5909090909090909,
        "2_package_name_version_exact": 0.5217391304347826,
        "3_package_weighted_versions": 0.5454545454545454,
        "4_parameter_overlap": 0.13636363636363635,
        "5_arch_overlap": 0.5454545454545454
    },
    "acl-spack-v0.15.1-acl-spack-v0.15.1": {
        "spec1": "acl-spack-v0.15.1",
        "spec2": "acl-spack-v0.15.1",
        "1_package_name_overlap": 1,
        "2_package_name_version_exact": 1,
        "3_package_weighted_versions": 1,
        "4_parameter_overlap": 1,
        "5_arch_overlap": 1
    },
    "acl-spack-v0.15.1-acl-spack-v0.15.2": {
        "spec1": "acl-spack-v0.15.1",
        "spec2": "acl-spack-v0.15.2",
        "1_package_name_overlap": 1.0,
        "2_package_name_version_exact": 1.0,
        "3_package_weighted_versions": 1.0,
        "4_parameter_overlap": 0.23076923076923078,
        "5_arch_overlap": 0.9230769230769231
    },
    "acl-spack-v0.15.1-acl-spack-v0.15.3": {
        "spec1": "acl-spack-v0.15.1",
        "spec2": "acl-spack-v0.15.3",
        "1_package_name_overlap": 1.0,
        "2_package_name_version_exact": 1.0,
        "3_package_weighted_versions": 1.0,
        "4_parameter_overlap": 0.23076923076923078,
        "5_arch_overlap": 0.9230769230769231
    },
    "acl-spack-v0.15.1-acl-spack-v0.15.4": {
        "spec1": "acl-spack-v0.15.1",
        "spec2": "acl-spack-v0.15.4",
        "1_package_name_overlap": 1.0,
        "2_package_name_version_exact": 1.0,
        "3_package_weighted_versions": 1.0,
        "4_parameter_overlap": 0.23076923076923078,
        "5_arch_overlap": 0.9230769230769231
    },
    "acl-spack-v0.15.1-acl-spack-v0.16.0": {
        "spec1": "acl-spack-v0.15.1",
        "spec2": "acl-spack-v0.16.0",
        "1_package_name_overlap": 0.5909090909090909,
        "2_package_name_version_exact": 0.5217391304347826,
        "3_package_weighted_versions": 0.5454545454545454,
        "4_parameter_overlap": 0.13636363636363635,
        "5_arch_overlap": 0.5454545454545454
    },
    "acl-spack-v0.15.1-acl-spack-v0.16.1": {
        "spec1": "acl-spack-v0.15.1",
        "spec2": "acl-spack-v0.16.1",
        "1_package_name_overlap": 0.5909090909090909,
        "2_package_name_version_exact": 0.5217391304347826,
        "3_package_weighted_versions": 0.5454545454545454,
        "4_parameter_overlap": 0.13636363636363635,
        "5_arch_overlap": 0.5454545454545454
    },
    "acl-spack-v0.15.2-acl-spack-v0.15.2": {
        "spec1": "acl-spack-v0.15.2",
        "spec2": "acl-spack-v0.15.2",
        "1_package_name_overlap": 1,
        "2_package_name_version_exact": 1,
        "3_package_weighted_versions": 1,
        "4_parameter_overlap": 1,
        "5_arch_overlap": 1
    },
    "acl-spack-v0.15.2-acl-spack-v0.15.3": {
        "spec1": "acl-spack-v0.15.2",
        "spec2": "acl-spack-v0.15.3",
        "1_package_name_overlap": 1.0,
        "2_package_name_version_exact": 1.0,
        "3_package_weighted_versions": 1.0,
        "4_parameter_overlap": 0.23076923076923078,
        "5_arch_overlap": 0.9230769230769231
    },
    "acl-spack-v0.15.2-acl-spack-v0.15.4": {
        "spec1": "acl-spack-v0.15.2",
        "spec2": "acl-spack-v0.15.4",
        "1_package_name_overlap": 1.0,
        "2_package_name_version_exact": 1.0,
        "3_package_weighted_versions": 1.0,
        "4_parameter_overlap": 0.23076923076923078,
        "5_arch_overlap": 0.9230769230769231
    },
    "acl-spack-v0.15.2-acl-spack-v0.16.0": {
        "spec1": "acl-spack-v0.15.2",
        "spec2": "acl-spack-v0.16.0",
        "1_package_name_overlap": 0.5909090909090909,
        "2_package_name_version_exact": 0.5217391304347826,
        "3_package_weighted_versions": 0.5454545454545454,
        "4_parameter_overlap": 0.13636363636363635,
        "5_arch_overlap": 0.5454545454545454
    },
    "acl-spack-v0.15.2-acl-spack-v0.16.1": {
        "spec1": "acl-spack-v0.15.2",
        "spec2": "acl-spack-v0.16.1",
        "1_package_name_overlap": 0.5909090909090909,
        "2_package_name_version_exact": 0.5217391304347826,
        "3_package_weighted_versions": 0.5454545454545454,
        "4_parameter_overlap": 0.13636363636363635,
        "5_arch_overlap": 0.5454545454545454
    },
    "acl-spack-v0.15.3-acl-spack-v0.15.3": {
        "spec1": "acl-spack-v0.15.3",
        "spec2": "acl-spack-v0.15.3",
        "1_package_name_overlap": 1,
        "2_package_name_version_exact": 1,
        "3_package_weighted_versions": 1,
        "4_parameter_overlap": 1,
        "5_arch_overlap": 1
    },
    "acl-spack-v0.15.3-acl-spack-v0.15.4": {
        "spec1": "acl-spack-v0.15.3",
        "spec2": "acl-spack-v0.15.4",
        "1_package_name_overlap": 1.0,
        "2_package_name_version_exact": 1.0,
        "3_package_weighted_versions": 1.0,
        "4_parameter_overlap": 0.23076923076923078,
        "5_arch_overlap": 0.9230769230769231
    },
    "acl-spack-v0.15.3-acl-spack-v0.16.0": {
        "spec1": "acl-spack-v0.15.3",
        "spec2": "acl-spack-v0.16.0",
        "1_package_name_overlap": 0.5909090909090909,
        "2_package_name_version_exact": 0.5217391304347826,
        "3_package_weighted_versions": 0.5454545454545454,
        "4_parameter_overlap": 0.13636363636363635,
        "5_arch_overlap": 0.5454545454545454
    },
    "acl-spack-v0.15.3-acl-spack-v0.16.1": {
        "spec1": "acl-spack-v0.15.3",
        "spec2": "acl-spack-v0.16.1",
        "1_package_name_overlap": 0.5909090909090909,
        "2_package_name_version_exact": 0.5217391304347826,
        "3_package_weighted_versions": 0.5454545454545454,
        "4_parameter_overlap": 0.13636363636363635,
        "5_arch_overlap": 0.5454545454545454
    },