{
    "py-tap-py-spack-v0.14.0-py-tap-py-spack-v0.14.0": {
        "spec1": "py-tap-py-spack-v0.14.0",
        "spec2": "py-tap-py-spack-v0.14.0",
        "1_package_name_overlap": 1,
        "2_package_name_version_exact": 1,
        "3_package_weighted_versions": 1,
        "4_parameter_overlap": 1,
        "5_arch_overlap": 1
    },
    "py-tap-py-spack-v0.14.0-py-tap-py-spack-v0.14.1": {
        "spec1": "py-tap-py-spack-v0.14.0",
        "spec2": "py-tap-py-spack-v0.14.1",
        "1_package_name_overlap": 1.0,
        "2_package_name_version_exact": 1.0,
        "3_package_weighted_versions": 1.0,
        "4_parameter_overlap": 0.2916666666666667,
        "5_arch_overlap": 0.9166666666666666
    },
    "py-tap-py-spack-v0.14.0-py-tap-py-spack-v0.14.2": {
        "spec1": "py-tap-py-spack-v0.14.0",
        "spec2": "py-tap-py-spack-v0.14.2",
        "1_package_name_overlap": 1.0,
        "2_package_name_version_exact": 1.0,
        "3_package_weighted_versions": 1.0,
        "4_parameter_overlap": 0.2916666666666667,
        "5_arch_overlap": 0.9166666666666666
    },
    "py-tap-py-spack-v0.14.0-py-tap-py-spack-v0.15.0": {
        "spec1": "py-tap-py-spack-v0.14.0",
        "spec2": "py-tap-py-spack-v0.15.0",
        "1_package_name_overlap": 0.9166666666666666,
        "2_package_name_version_exact": 0.2777777777777778,
        "3_package_weighted_versions": 0.4166666666666667,
        "4_parameter_overlap": 0.26785714285714285,
        "5_arch_overlap": 0.8333333333333334
    },
    "py-tap-py-spack-v0.14.0-py-tap-py-spack-v0.15.1": {
        "spec1": "py-tap-py-spack-v0.14.0",
        "spec2": "py-tap-py-spack-v0.15.1",
        "1_package_name_overlap": 0.9166666666666666,
        "2_package_name_version_exact": 0.2777777777777778,
        "3_package_weighted_versions": 0.4166666666666667,
        "4_parameter_overlap": 0.26785714285714285,
        "5_arch_overlap": 0.8333333333333334
    },
    "py-tap-py-spack-v0.14.0-py-tap-py-spack-v0.15.2": {
        "spec1": "py-tap-py-spack-v0.14.0",
        "spec2": "py-tap-py-spack-v0.15.2",
        "1_package_name_overlap": 0.9166666666666666,
        "2_package_name_version_exact": 0.2777777777777778,
        "3_package_weighted_versions": 0.4166666666666667,
        "4_parameter_overlap": 0.26785714285714285,
        "5_arch_overlap": 0.8333333333333334
    },
    "py-tap-py-spack-v0.14.0-py-tap-py-spack-v0.15.3": {
        "spec1": "py-tap-py-spack-v0.14.0",
        "spec2": "py-tap-py-spack-v0.15.3",
        "1_package_name_overlap": 0.9166666666666666,
        "2_package_name_version_exact": 0.2777777777777778,
        "3_package_weighted_versions": 0.4166666666666667,
        "4_parameter_overlap": 0.26785714285714285,
        "5_arch_overlap": 0.8333333333333334
    },
    "py-tap-py-spack-v0.14.0-py-tap-py-spack-v0.15.4": {
        "spec1": "py-tap-py-spack-v0.14.0",
        "spec2": "py-tap-py-spack-v0.15.4",
        "1_package_name_overlap": 0.9166666666666666,
        "2_package_name_version_exact": 0.2777777777777778,
        "3_package_weighted_versions": 0.4166666666666667,
        "4_parameter_overlap": 0.26785714285714285,
        "5_arch_overlap": 0.8333333333333334
    },
    "py-tap-py-spack-v0.14.1-py-tap-py-spack-v0.14.1": {
        "spec1": "py-tap-py-spack-v0.14.1",
        "spec2": "py-tap-py-spack-v0.14.1",
        "1_package_name_overlap": 1,
        "2_package_name_version_exact": 1,
        "3_package_weighted_versions": 1,
        "4_parameter_overlap": 1,
        "5_arch_overlap": 1
    },
    "py-tap-py-spack-v0.14.1-py-tap-py-spack-v0.14.2": {
        "spec1": "py-tap-py-spack-v0.14.1",
        "spec2": "py-tap-py-spack-v0.14.2",
        "1_package_name_overlap": 1.0,
        "2_package_name_version_exact": 1.0,
        "3_package_weighted_versions": 1.0,
        "4_parameter_overlap": 0.2916666666666667,
        "5_arch_overlap": 0.9166666666666666
    },
    "py-tap-py-spack-v0.14.1-py-tap-py-spack-v0.15.0": {
        "spec1": "py-tap-py-spack-v0.14.1",
        "spec2": "py-tap-py-spack-v0.15.0",
        "1_package_name_overlap": 0.9166666666666666,
        "2_package_name_version_exact": 0.2777777777777778,
        "3_package_weighted_versions": 0.4166666666666667,
        "4_parameter_overlap": 0.26785714285714285,
        "5_arch_overlap": 0.8333333333333334
    },
    "py-tap-py-spack-v0.14.1-py-tap-py-spack-v0.15.1": {
        "spec1": "py-tap-py-spack-v0.14.1",
        "spec2": "py-tap-py-spack-v0.15.1",
        "1_package_name_overlap": 0.9166666666666666,
        "2_package_name_version_exact": 0.2777777777777778,
        "3_package_weighted_versions": 0.4166666666666667,
        "4_parameter_overlap": 0.26785714285714285,
        "5_arch_overlap": 0.8333333333333334
    },
    "py-tap-py-spack-v0.14.1-py-tap-py-spack-v0.15.2": {
        "spec1": "py-tap-py-spack-v0.14.1",
        "spec2": "py-tap-py-spack-v0.15.2",
        "1_package_name_overlap": 0.9166666666666666,
        "2_package_name_version_exact": 0.2777777777777778,
        "3_package_weighted_versions": 0.4166666666666667,
        "4_parameter_overlap": 0.26785714285714285,
        "5_arch_overlap": 0.8333333333333334
    },
    "py-tap-py-spack-v0.14.1-py-tap-py-spack-v0.15.3": {
        "spec1": "py-tap-py-spack-v0.14.1",
        "spec2": "py-tap-py-spack-v0.15.3",
        "1_package_name_overlap": 0.9166666666666666,
        "2_package_name_version_exact": 0.2777777777777778,
        "3_package_weighted_versions": 0.4166666666666667,
        "4_parameter_overlap": 0.26785714285714285,
        "5_arch_overlap": 0.8333333333333334
    },
    "py-tap-py-spack-v0.14.1-py-tap-py-spack-v0.15.4": {
        "spec1": "py-tap-py-spack-v0.14.1",
        "spec2": "py-tap-py-spack-v0.15.4",
        "1_package_name_overlap": 0.9166666666666666,
        "2_package_name_version_exact": 0.2777777777777778,
        "3_package_weighted_versions": 0.4166666666666667,
        "4_parameter_overlap": 0.26785714285714285,
        "5_arch_overlap": 0.8333333333333334
    },
    "py-tap-py-spack-v0.14.2-py-tap-py-spack-v0.14.2": {
        "spec1": "py-tap-py-spack-v0.14.2",
        "spec2": "py-tap-py-spack-v0.14.2",
        "1_package_name_overlap": 1,
        "2_package_name_version_exact": 1,
        "3_package_weighted_versions": 1,
        "4_parameter_overlap": 1,
        "5_arch_overlap": 1
    },
    "py-tap-py-spack-v0.14.2-py-tap-py-spack-v0.15.0": {
        "spec1": "py-tap-py-spack-v0.14.2",
        "spec2": "py-tap-py-spack-v0.15.0",
        "1_package_name_overlap": 0.9166666666666666,
        "2_package_name_version_exact": 0.2777777777777778,
        "3_package_weighted_versions": 0.4166666666666667,
        "4_parameter_overlap": 0.26785714285714285,
        "5_arch_overlap": 0.8333333333333334
    },
    "py-tap-py-spack-v0.14.2-py-tap-py-spack-v0.15.1": {
        "spec1": "py-tap-py-spack-v0.14.2",
        "spec2": "py-tap-py-spack-v0.15.1",
        "1_package_name_overlap": 0.9166666666666666,
        "2_package_name_version_exact": 0.2777777777777778,
        "3_package_weighted_versions": 0.4166666666666667,
        "4_parameter_overlap": 0.26785714285714285,
        "5_arch_overlap": 0.8333333333333334
    },
    "py-tap-py-spack-v0.14.2-py-tap-py-spack-v0.15.2": {
        "spec1": "py-tap-py-spack-v0.14.2",
        "spec2": "py-tap-py-spack-v0.15.2",
        "1_package_name_overlap": 0.9166666666666666,
        "2_package_name_version_exact": 0.2777777777777778,
        "3_package_weighted_versions": 0.4166666666666667,
        "4_parameter_overlap": 0.26785714285714285,
        "5_arch_overlap": 0.8333333333333334
    },
    "py-tap-py-spack-v0.14.2-py-tap-py-spack-v0.15.3": {
        "spec1": "py-tap-py-spack-v0.14.2",
        "spec2": "py-tap-py-spack-v0.15.3",
        "1_package_name_overlap": 0.9166666666666666,
        "2_package_name_version_exact": 0.2777777777777778,
        "3_package_weighted_versions": 0.4166666666666667,
        "4_parameter_overlap": 0.26785714285714285,