{
    "py-numba-spack-v0.11.2-py-numba-spack-v0.11.2": {
        "spec1": "py-numba-spack-v0.11.2",
        "spec2": "py-numba-spack-v0.11.2",
        "1_package_name_overlap": 1,
        "2_package_name_version_exact": 1,
        "3_package_weighted_versions": 1,
        "4_parameter_overlap": 1,
        "5_arch_overlap": 1
    },
    "py-numba-spack-v0.11.2-py-numba-spack-v0.12.0": {
        "spec1": "py-numba-spack-v0.11.2",
        "spec2": "py-numba-spack-v0.12.0",
        "1_package_name_overlap": 0.9642857142857143,
        "2_package_name_version_exact": 0.27906976744186046,
        "3_package_weighted_versions": 0.6927987955546133,
        "4_parameter_overlap": 0.22683982683982684,
        "5_arch_overlap": 0.7857142857142857
    },
    "py-numba-spack-v0.11.2-py-numba-spack-v0.12.1": {
        "spec1": "py-numba-spack-v0.11.2",
        "spec2": "py-numba-spack-v0.12.1",
        "1_package_name_overlap": 0.9642857142857143,
        "2_package_name_version_exact": 0.27906976744186046,
        "3_package_weighted_versions": 0.6927987955546133,
        "4_parameter_overlap": 0.22683982683982684,
        "5_arch_overlap": 0.7857142857142857
    },
    "py-numba-spack-v0.11.2-py-numba-spack-v0.13.0": {
        "spec1": "py-numba-spack-v0.11.2",
        "spec2": "py-numba-spack-v0.13.0",
        "1_package_name_overlap": 0.5789473684210527,
        "2_package_name_version_exact": 0.07142857142857142,
        "3_package_weighted_versions": 0.22168222119195613,
        "4_parameter_overlap": 0.13562753036437245,
        "5_arch_overlap": 0.23684210526315788
    },
    "py-numba-spack-v0.11.2-py-numba-spack-v0.13.1": {
        "spec1": "py-numba-spack-v0.11.2",
        "spec2": "py-numba-spack-v0.13.1",
        "1_package_name_overlap": 0.5789473684210527,
        "2_package_name_version_exact": 0.07142857142857142,
        "3_package_weighted_versions": 0.22168222119195613,
        "4_parameter_overlap": 0.13562753036437245,
        "5_arch_overlap": 0.23684210526315788
    },
    "py-numba-spack-v0.11.2-py-numba-spack-v0.13.2": {
        "spec1": "py-numba-spack-v0.11.2",
        "spec2": "py-numba-spack-v0.13.2",
        "1_package_name_overlap": 0.5789473684210527,
        "2_package_name_version_exact": 0.07142857142857142,
        "3_package_weighted_versions": 0.22168222119195613,
        "4_parameter_overlap": 0.13562753036437245,
        "5_arch_overlap": 0.23684210526315788
    },
    "py-numba-spack-v0.11.2-py-numba-spack-v0.13.3": {
        "spec1": "py-numba-spack-v0.11.2",
        "spec2": "py-numba-spack-v0.13.3",
        "1_package_name_overlap": 0.5789473684210527,
        "2_package_name_version_exact": 0.07142857142857142,
        "3_package_weighted_versions": 0.22168222119195613,
        "4_parameter_overlap": 0.13562753036437245,
        "5_arch_overlap": 0.23684210526315788
    },
    "py-numba-spack-v0.11.2-py-numba-spack-v0.13.4": {
        "spec1": "py-numba-spack-v0.11.2",
        "spec2": "py-numba-spack-v0.13.4",
        "1_package_name_overlap": 0.5789473684210527,
        "2_package_name_version_exact": 0.07142857142857142,
        "3_package_weighted_versions": 0.22168222119195613,
        "4_parameter_overlap": 0.13562753036437245,
        "5_arch_overlap": 0.23684210526315788
    },
    "py-numba-spack-v0.11.2-py-numba-spack-v0.16.1": {
        "spec1": "py-numba-spack-v0.11.2",
        "spec2": "py-numba-spack-v0.16.1",
        "1_package_name_overlap": 0.4375,
        "2_package_name_version_exact": 0.029850746268656716,
        "3_package_weighted_versions": 0.04190972222222228,
        "4_parameter_overlap": 0.1109107905982906,
        "5_arch_overlap": 0.17708333333333334
    },
    "py-numba-spack-v0.12.0-py-numba-spack-v0.12.0": {
        "spec1": "py-numba-spack-v0.12.0",
        "spec2": "py-numba-spack-v0.12.0",
        "1_package_name_overlap": 1,
        "2_package_name_version_exact": 1,
        "3_package_weighted_versions": 1,
        "4_parameter_overlap": 1,
        "5_arch_overlap": 1
    },
    "py-numba-spack-v0.12.0-py-numba-spack-v0.12.1": {
        "spec1": "py-numba-spack-v0.12.0",
        "spec2": "py-numba-spack-v0.12.1",
        "1_package_name_overlap": 1.0,
        "2_package_name_version_exact": 1.0,
        "3_package_weighted_versions": 1.0,
        "4_parameter_overlap": 0.2857142857142857,
        "5_arch_overlap": 0.8214285714285714
    },
    "py-numba-spack-v0.12.0-py-numba-spack-v0.13.0": {
        "spec1": "py-numba-spack-v0.12.0",
        "spec2": "py-numba-spack-v0.13.0",
        "1_package_name_overlap": 0.6052631578947368,
        "2_package_name_version_exact": 0.12962962962962962,
        "3_package_weighted_versions": 0.34277784552013574,
        "4_parameter_overlap": 0.16120721383879277,
        "5_arch_overlap": 0.25
    },
    "py-numba-spack-v0.12.0-py-numba-spack-v0.13.1": {
        "spec1": "py-numba-spack-v0.12.0",
        "spec2": "py-numba-spack-v0.13.1",
        "1_package_name_overlap": 0.6052631578947368,
        "2_package_name_version_exact": 0.12962962962962962,
        "3_package_weighted_versions": 0.34277784552013574,
        "4_parameter_overlap": 0.16120721383879277,
        "5_arch_overlap": 0.25
    },
    "py-numba-spack-v0.12.0-py-numba-spack-v0.13.2": {
        "spec1": "py-numba-spack-v0.12.0",
        "spec2": "py-numba-spack-v0.13.2",
        "1_package_name_overlap": 0.6052631578947368,
        "2_package_name_version_exact": 0.12962962962962962,
        "3_package_weighted_versions": 0.34277784552013574,
        "4_parameter_overlap": 0.16120721383879277,
        "5_arch_overlap": 0.25
    },
    "py-numba-spack-v0.12.0-py-numba-spack-v0.13.3": {
        "spec1": "py-numba-spack-v0.12.0",
        "spec2": "py-numba-spack-v0.13.3",
        "1_package_name_overlap": 0.6052631578947368,
        "2_package_name_version_exact": 0.12962962962962962,
        "3_package_weighted_versions": 0.34277784552013574,
        "4_parameter_overlap": 0.16120721383879277,
        "5_arch_overlap": 0.25
    },
    "py-numba-spack-v0.12.0-py-numba-spack-v0.13.4": {
        "spec1": "py-numba-spack-v0.12.0",
        "spec2": "py-numba-spack-v0.13.4",
        "1_package_name_overlap": 0.6052631578947368,
        "2_package_name_version_exact": 0.12962962962962962,
        "3_package_weighted_versions": 0.34277784552013574,
        "4_parameter_overlap": 0.16120721383879277,
        "5_arch_overlap": 0.25
    },
    "py-numba-spack-v0.12.0-py-numba-spack-v0.16.1": {
        "spec1": "py-numba-spack-v0.12.0",
        "spec2": "py-numba-spack-v0.16.1",
        "1_package_name_overlap": 0.4583333333333333,
        "2_package_name_version_exact": 0.029411764705882353,
        "3_package_weighted_versions": 0.11194375814869766,
        "4_parameter_overlap": 0.13020833333333334,
        "5_arch_overlap": 0.1875
    },
    "py-numba-spack-v0.12.1-py-numba-spack-v0.12.1": {
        "spec1": "py-numba-spack-v0.12.1",
        "spec2": "py-numba-spack-v0.12.1",
        "1_package_name_overlap": 1,
        "2_package_name_version_exact": 1,
        "3_package_weighted_versions": 1,
        "4_parameter_overlap": 1,
        "5_arch_overlap": 1
    },
    "py-numba-spack-v0.12.1-py-numba-spack-v0.13.0": {
        "spec1": "py-numba-spack-v0.12.1",
        "spec2": "py-numba-spack-v0.13.0",
        "1_package_name_overlap": 0.6052631578947368,
        "2_package_name_version_exact": 0.12962962962962962,
        "3_package_weighted_versions": 0.34277784552013574,
        "4_parameter_overlap": 0.16120721383879277,
        "5_arch_overlap": 0.25
    },
    "py-numba-spack-v0.12.1-py-numba-spack-v0.13.1": {
        "spec1": "py-numba-spack-v0.12.1",
        "spec2": "py-numba-spack-v0.13.1",
        "1_package_name_overlap": 0.6052631578947368,
        "2_package_name_version_exact": 0.12962962962962962,
        "3_package_weighted_versions": 0.34277784552013574,
        "4_parameter_overlap": 0.16120721383879277,
        "5_arch_overlap": 0.25
    },