{
    "feh-spack-v0.14.0-feh-spack-v0.14.0": {
        "spec1": "feh-spack-v0.14.0",
        "spec2": "feh-spack-v0.14.0",
        "1_package_name_overlap": 1,
        "2_package_name_version_exact": 1,
        "3_package_weighted_versions": 1,
        "4_parameter_overlap": 1,
        "5_arch_overlap": 1
    },
    "feh-spack-v0.14.0-feh-spack-v0.14.1": {
        "spec1": "feh-spack-v0.14.0",
        "spec2": "feh-spack-v0.14.1",
        "1_package_name_overlap": 1.0,
        "2_package_name_version_exact": 1.0,
        "3_package_weighted_versions": 1.0,
        "4_parameter_overlap": 0.20754716981132076,
        "5_arch_overlap": 0.9433962264150944
    },
    "feh-spack-v0.14.0-feh-spack-v0.14.2": {
        "spec1": "feh-spack-v0.14.0",
        "spec2": "feh-spack-v0.14.2",
        "1_package_name_overlap": 1.0,
        "2_package_name_version_exact": 1.0,
        "3_package_weighted_versions": 1.0,
        "4_parameter_overlap": 0.20754716981132076,
        "5_arch_overlap": 0.9433962264150944
    },
    "feh-spack-v0.14.0-feh-spack-v0.15.0": {
        "spec1": "feh-spack-v0.14.0",
        "spec2": "feh-spack-v0.15.0",
        "1_package_name_overlap": 0.9298245614035088,
        "2_package_name_version_exact": 0.5492957746478874,
        "3_package_weighted_versions": 0.7549248655562537,
        "4_parameter_overlap": 0.17126148705096075,
        "5_arch_overlap": 0.8771929824561403
    },
    "feh-spack-v0.14.0-feh-spack-v0.15.1": {
        "spec1": "feh-spack-v0.14.0",
        "spec2": "feh-spack-v0.15.1",
        "1_package_name_overlap": 0.9298245614035088,
        "2_package_name_version_exact": 0.5492957746478874,
        "3_package_weighted_versions": 0.7549248655562537,
        "4_parameter_overlap": 0.17126148705096075,
        "5_arch_overlap": 0.8771929824561403
    },
    "feh-spack-v0.14.0-feh-spack-v0.15.2": {
        "spec1": "feh-spack-v0.14.0",
        "spec2": "feh-spack-v0.15.2",
        "1_package_name_overlap": 0.9298245614035088,
        "2_package_name_version_exact": 0.5492957746478874,
        "3_package_weighted_versions": 0.7549248655562537,
        "4_parameter_overlap": 0.17126148705096075,
        "5_arch_overlap": 0.8771929824561403
    },
    "feh-spack-v0.14.0-feh-spack-v0.15.3": {
        "spec1": "feh-spack-v0.14.0",
        "spec2": "feh-spack-v0.15.3",
        "1_package_name_overlap": 0.9298245614035088,
        "2_package_name_version_exact": 0.5492957746478874,
        "3_package_weighted_versions": 0.7549248655562537,
        "4_parameter_overlap": 0.17126148705096075,
        "5_arch_overlap": 0.8771929824561403
    },
    "feh-spack-v0.14.0-feh-spack-v0.15.4": {
        "spec1": "feh-spack-v0.14.0",
        "spec2": "feh-spack-v0.15.4",
        "1_package_name_overlap": 0.9298245614035088,
        "2_package_name_version_exact": 0.5492957746478874,
        "3_package_weighted_versions": 0.7549248655562537,
        "4_parameter_overlap": 0.17126148705096075,
        "5_arch_overlap": 0.8771929824561403
    },
    "feh-spack-v0.14.0-feh-spack-v0.16.0": {
        "spec1": "feh-spack-v0.14.0",
        "spec2": "feh-spack-v0.16.0",
        "1_package_name_overlap": 0.8833333333333333,
        "2_package_name_version_exact": 0.43037974683544306,
        "3_package_weighted_versions": 0.5666666666666667,
        "4_parameter_overlap": 0.1575,
        "5_arch_overlap": 0.8333333333333334
    },
    "feh-spack-v0.14.0-feh-spack-v0.16.1": {
        "spec1": "feh-spack-v0.14.0",
        "spec2": "feh-spack-v0.16.1",
        "1_package_name_overlap": 0.8833333333333333,
        "2_package_name_version_exact": 0.43037974683544306,
        "3_package_weighted_versions": 0.5666666666666667,
        "4_parameter_overlap": 0.1575,
        "5_arch_overlap": 0.8333333333333334
    },
    "feh-spack-v0.14.1-feh-spack-v0.14.1": {
        "spec1": "feh-spack-v0.14.1",
        "spec2": "feh-spack-v0.14.1",
        "1_package_name_overlap": 1,
        "2_package_name_version_exact": 1,
        "3_package_weighted_versions": 1,
        "4_parameter_overlap": 1,
        "5_arch_overlap": 1
    },
    "feh-spack-v0.14.1-feh-spack-v0.14.2": {
        "spec1": "feh-spack-v0.14.1",
        "spec2": "feh-spack-v0.14.2",
        "1_package_name_overlap": 1.0,
        "2_package_name_version_exact": 1.0,
        "3_package_weighted_versions": 1.0,
        "4_parameter_overlap": 0.20754716981132076,
        "5_arch_overlap": 0.9433962264150944
    },
    "feh-spack-v0.14.1-feh-spack-v0.15.0": {
        "spec1": "feh-spack-v0.14.1",
        "spec2": "feh-spack-v0.15.0",
        "1_package_name_overlap": 0.9298245614035088,
        "2_package_name_version_exact": 0.5492957746478874,
        "3_package_weighted_versions": 0.7549248655562537,
        "4_parameter_overlap": 0.17126148705096075,
        "5_arch_overlap": 0.8771929824561403
    },
    "feh-spack-v0.14.1-feh-spack-v0.15.1": {
        "spec1": "feh-spack-v0.14.1",
        "spec2": "feh-spack-v0.15.1",
        "1_package_name_overlap": 0.9298245614035088,
        "2_package_name_version_exact": 0.5492957746478874,
        "3_package_weighted_versions": 0.7549248655562537,
        "4_parameter_overlap": 0.17126148705096075,
        "5_arch_overlap": 0.8771929824561403
    },
    "feh-spack-v0.14.1-feh-spack-v0.15.2": {
        "spec1": "feh-spack-v0.14.1",
        "spec2": "feh-spack-v0.15.2",
        "1_package_name_overlap": 0.9298245614035088,
        "2_package_name_version_exact": 0.5492957746478874,
        "3_package_weighted_versions": 0.7549248655562537,
        "4_parameter_overlap": 0.17126148705096075,
        "5_arch_overlap": 0.8771929824561403
    },
    "feh-spack-v0.14.1-feh-spack-v0.15.3": {
        "spec1": "feh-spack-v0.14.1",
        "spec2": "feh-spack-v0.15.3",
        "1_package_name_overlap": 0.9298245614035088,
        "2_package_name_version_exact": 0.5492957746478874,
        "3_package_weighted_versions": 0.7549248655562537,
        "4_parameter_overlap": 0.17126148705096075,
        "5_arch_overlap": 0.8771929824561403
    },
    "feh-spack-v0.14.1-feh-spack-v0.15.4": {
        "spec1": "feh-spack-v0.14.1",
        "spec2": "feh-spack-v0.15.4",
        "1_package_name_overlap": 0.9298245614035088,
        "2_package_name_version_exact": 0.5492957746478874,
        "3_package_weighted_versions": 0.7549248655562537,
        "4_parameter_overlap": 0.17126148705096075,
        "5_arch_overlap": 0.8771929824561403
    },
    "feh-spack-v0.14.1-feh-spack-v0.16.0": {
        "spec1": "feh-spack-v0.14.1",
        "spec2": "feh-spack-v0.16.0",
        "1_package_name_overlap": 0.8833333333333333,
        "2_package_name_version_exact": 0.43037974683544306,
        "3_package_weighted_versions": 0.5666666666666667,
        "4_parameter_overlap": 0.1575,
        "5_arch_overlap": 0.8333333333333334
    },
    "feh-spack-v0.14.1-feh-spack-v0.16.1": {
        "spec1": "feh-spack-v0.14.1",
        "spec2": "feh-spack-v0.16.1",
        "1_package_name_overlap": 0.8833333333333333,
        "2_package_name_version_exact": 0.43037974683544306,
        "3_package_weighted_versions": 0.5666666666666667,
        "4_parameter_overlap": 0.1575,
        "5_arch_overlap": 0.8333333333333334
    },
    "feh-spack-v0.14.2-feh-spack-v0.14.2": {
        "spec1": "feh-spack-v0.14.2",
        "spec2": "feh-spack-v0.14.2",
        "1_package_name_overlap": 1,
        "2_package_name_version_exact": 1,
        "3_package_weighted_versions": 1,
        "4_parameter_overlap": 1,
        "5_arch_overlap": 1
    },
    "feh-spack-v0.14.2-feh-spack-v0.15.0": {
        "spec1": "feh-spack-v0.14.2",
        "spec2": "feh-spack-v0.15.0",
        "1_package_name_overlap": 0.9298245614035088,
        "2_package_name_version_exact": 0.5492957746478874,
        "3_package_weighted_versions": 0.7549248655562537,
        "4_parameter_overlap": 0.17126148705096075,
        "5_arch_overlap": 0.8771929824561403
    },