{
    "openfoam-spack-v0.11.2-openfoam-spack-v0.11.2": {
        "spec1": "openfoam-spack-v0.11.2",
        "spec2": "openfoam-spack-v0.11.2",
        "1_package_name_overlap": 1,
        "2_package_name_version_exact": 1,
        "3_package_weighted_versions": 1,
        "4_parameter_overlap": 1,
        "5_arch_overlap": 1
    },
    "openfoam-spack-v0.11.2-openfoam-spack-v0.13.0": {
        "spec1": "openfoam-spack-v0.11.2",
        "spec2": "openfoam-spack-v0.13.0",
        "1_package_name_overlap": 0.3181818181818182,
        "2_package_name_version_exact": 0.07407407407407407,
        "3_package_weighted_versions": 0.11136363636363619,
        "4_parameter_overlap": 0.1362878787878788,
        "5_arch_overlap": 0.14772727272727273
    },
    "openfoam-spack-v0.11.2-openfoam-spack-v0.13.1": {
        "spec1": "openfoam-spack-v0.11.2",
        "spec2": "openfoam-spack-v0.13.1",
        "1_package_name_overlap": 0.3181818181818182,
        "2_package_name_version_exact": 0.07407407407407407,
        "3_package_weighted_versions": 0.11136363636363619,
        "4_parameter_overlap": 0.1362878787878788,
        "5_arch_overlap": 0.14772727272727273
    },
    "openfoam-spack-v0.11.2-openfoam-spack-v0.13.2": {
        "spec1": "openfoam-spack-v0.11.2",
        "spec2": "openfoam-spack-v0.13.2",
        "1_package_name_overlap": 0.3181818181818182,
        "2_package_name_version_exact": 0.07407407407407407,
        "3_package_weighted_versions": 0.11136363636363619,
        "4_parameter_overlap": 0.1362878787878788,
        "5_arch_overlap": 0.14772727272727273
    },
    "openfoam-spack-v0.11.2-openfoam-spack-v0.13.3": {
        "spec1": "openfoam-spack-v0.11.2",
        "spec2": "openfoam-spack-v0.13.3",
        "1_package_name_overlap": 0.3181818181818182,
        "2_package_name_version_exact": 0.07407407407407407,
        "3_package_weighted_versions": 0.11136363636363619,
        "4_parameter_overlap": 0.1362878787878788,
        "5_arch_overlap": 0.14772727272727273
    },
    "openfoam-spack-v0.11.2-openfoam-spack-v0.13.4": {
        "spec1": "openfoam-spack-v0.11.2",
        "spec2": "openfoam-spack-v0.13.4",
        "1_package_name_overlap": 0.3181818181818182,
        "2_package_name_version_exact": 0.07407407407407407,
        "3_package_weighted_versions": 0.11136363636363619,
        "4_parameter_overlap": 0.1362878787878788,
        "5_arch_overlap": 0.14772727272727273
    },
    "openfoam-spack-v0.11.2-openfoam-spack-v0.14.0": {
        "spec1": "openfoam-spack-v0.11.2",
        "spec2": "openfoam-spack-v0.14.0",
        "1_package_name_overlap": 0.2631578947368421,
        "2_package_name_version_exact": 0.058823529411764705,
        "3_package_weighted_versions": 0.07017543859649122,
        "4_parameter_overlap": 0.1045029239766082,
        "5_arch_overlap": 0.12280701754385964
    },
    "openfoam-spack-v0.11.2-openfoam-spack-v0.14.1": {
        "spec1": "openfoam-spack-v0.11.2",
        "spec2": "openfoam-spack-v0.14.1",
        "1_package_name_overlap": 0.2631578947368421,
        "2_package_name_version_exact": 0.058823529411764705,
        "3_package_weighted_versions": 0.07017543859649122,
        "4_parameter_overlap": 0.1045029239766082,
        "5_arch_overlap": 0.12280701754385964
    },
    "openfoam-spack-v0.11.2-openfoam-spack-v0.14.2": {
        "spec1": "openfoam-spack-v0.11.2",
        "spec2": "openfoam-spack-v0.14.2",
        "1_package_name_overlap": 0.2631578947368421,
        "2_package_name_version_exact": 0.058823529411764705,
        "3_package_weighted_versions": 0.07017543859649122,
        "4_parameter_overlap": 0.1045029239766082,
        "5_arch_overlap": 0.12280701754385964
    },
    "openfoam-spack-v0.13.0-openfoam-spack-v0.13.0": {
        "spec1": "openfoam-spack-v0.13.0",
        "spec2": "openfoam-spack-v0.13.0",
        "1_package_name_overlap": 1,
        "2_package_name_version_exact": 1,
        "3_package_weighted_versions": 1,
        "4_parameter_overlap": 1,
        "5_arch_overlap": 1
    },
    "openfoam-spack-v0.13.0-openfoam-spack-v0.13.1": {
        "spec1": "openfoam-spack-v0.13.0",
        "spec2": "openfoam-spack-v0.13.1",
        "1_package_name_overlap": 1.0,
        "2_package_name_version_exact": 1.0,
        "3_package_weighted_versions": 1.0,
        "4_parameter_overlap": 0.4166666666666667,
        "5_arch_overlap": 0.9166666666666666
    },
    "openfoam-spack-v0.13.0-openfoam-spack-v0.13.2": {
        "spec1": "openfoam-spack-v0.13.0",
        "spec2": "openfoam-spack-v0.13.2",
        "1_package_name_overlap": 1.0,
        "2_package_name_version_exact": 1.0,
        "3_package_weighted_versions": 1.0,
        "4_parameter_overlap": 0.4166666666666667,
        "5_arch_overlap": 0.9166666666666666
    },
    "openfoam-spack-v0.13.0-openfoam-spack-v0.13.3": {
        "spec1": "openfoam-spack-v0.13.0",
        "spec2": "openfoam-spack-v0.13.3",
        "1_package_name_overlap": 1.0,
        "2_package_name_version_exact": 1.0,
        "3_package_weighted_versions": 1.0,
        "4_parameter_overlap": 0.4166666666666667,
        "5_arch_overlap": 0.9166666666666666
    },
    "openfoam-spack-v0.13.0-openfoam-spack-v0.13.4": {
        "spec1": "openfoam-spack-v0.13.0",
        "spec2": "openfoam-spack-v0.13.4",
        "1_package_name_overlap": 1.0,
        "2_package_name_version_exact": 1.0,
        "3_package_weighted_versions": 1.0,
        "4_parameter_overlap": 0.4166666666666667,
        "5_arch_overlap": 0.9166666666666666
    },
    "openfoam-spack-v0.13.0-openfoam-spack-v0.14.0": {
        "spec1": "openfoam-spack-v0.13.0",
        "spec2": "openfoam-spack-v0.14.0",
        "1_package_name_overlap": 0.72,
        "2_package_name_version_exact": 0.5357142857142857,
        "3_package_weighted_versions": 0.6420000000000001,
        "4_parameter_overlap": 0.2992,
        "5_arch_overlap": 0.66
    },
    "openfoam-spack-v0.13.0-openfoam-spack-v0.14.1": {
        "spec1": "openfoam-spack-v0.13.0",
        "spec2": "openfoam-spack-v0.14.1",
        "1_package_name_overlap": 0.72,
        "2_package_name_version_exact": 0.5357142857142857,
        "3_package_weighted_versions": 0.6420000000000001,
        "4_parameter_overlap": 0.2992,
        "5_arch_overlap": 0.66
    },
    "openfoam-spack-v0.13.0-openfoam-spack-v0.14.2": {
        "spec1": "openfoam-spack-v0.13.0",
        "spec2": "openfoam-spack-v0.14.2",
        "1_package_name_overlap": 0.72,
        "2_package_name_version_exact": 0.5357142857142857,
        "3_package_weighted_versions": 0.6420000000000001,
        "4_parameter_overlap": 0.2992,
        "5_arch_overlap": 0.66
    },
    "openfoam-spack-v0.13.1-openfoam-spack-v0.13.1": {
        "spec1": "openfoam-spack-v0.13.1",
        "spec2": "openfoam-spack-v0.13.1",
        "1_package_name_overlap": 1,
        "2_package_name_version_exact": 1,
        "3_package_weighted_versions": 1,
        "4_parameter_overlap": 1,
        "5_arch_overlap": 1
    },
    "openfoam-spack-v0.13.1-openfoam-spack-v0.13.2": {
        "spec1": "openfoam-spack-v0.13.1",
        "spec2": "openfoam-spack-v0.13.2",
        "1_package_name_overlap": 1.0,
        "2_package_name_version_exact": 1.0,
        "3_package_weighted_versions": 1.0,
        "4_parameter_overlap": 0.4166666666666667,
        "5_arch_overlap": 0.9166666666666666
    },
    "openfoam-spack-v0.13.1-openfoam-spack-v0.13.3": {
        "spec1": "openfoam-spack-v0.13.1",
        "spec2": "openfoam-spack-v0.13.3",
        "1_package_name_overlap": 1.0,
        "2_package_name_version_exact": 1.0,
        "3_package_weighted_versions": 1.0,
        "4_parameter_overlap": 0.4166666666666667,
        "5_arch_overlap": 0.9166666666666666
    },
    "openfoam-spack-v0.13.1-openfoam-spack-v0.13.4": {
        "spec1": "openfoam-spack-v0.13.1",
        "spec2": "openfoam-spack-v0.13.4",
        "1_package_name_overlap": 1.0,
        "2_package_name_version_exact": 1.0,
        "3_package_weighted_versions": 1.0,