{
    "omega-h-spack-v0.13.0-omega-h-spack-v0.13.0": {
        "spec1": "omega-h-spack-v0.13.0",
        "spec2": "omega-h-spack-v0.13.0",
        "1_package_name_overlap": 1,
        "2_package_name_version_exact": 1,
        "3_package_weighted_versions": 1,
        "4_parameter_overlap": 1,
        "5_arch_overlap": 1
    },
    "omega-h-spack-v0.13.0-omega-h-spack-v0.13.1": {
        "spec1": "omega-h-spack-v0.13.0",
        "spec2": "omega-h-spack-v0.13.1",
        "1_package_name_overlap": 1.0,
        "2_package_name_version_exact": 0.9487179487179487,
        "3_package_weighted_versions": 0.9736842105263158,
        "4_parameter_overlap": 0.5263157894736842,
        "5_arch_overlap": 0.9210526315789473
    },
    "omega-h-spack-v0.13.0-omega-h-spack-v0.13.2": {
        "spec1": "omega-h-spack-v0.13.0",
        "spec2": "omega-h-spack-v0.13.2",
        "1_package_name_overlap": 1.0,
        "2_package_name_version_exact": 0.9487179487179487,
        "3_package_weighted_versions": 0.9736842105263158,
        "4_parameter_overlap": 0.5263157894736842,
        "5_arch_overlap": 0.9210526315789473
    },
    "omega-h-spack-v0.13.0-omega-h-spack-v0.13.3": {
        "spec1": "omega-h-spack-v0.13.0",
        "spec2": "omega-h-spack-v0.13.3",
        "1_package_name_overlap": 1.0,
        "2_package_name_version_exact": 0.9487179487179487,
        "3_package_weighted_versions": 0.9736842105263158,
        "4_parameter_overlap": 0.5263157894736842,
        "5_arch_overlap": 0.9210526315789473
    },
    "omega-h-spack-v0.13.0-omega-h-spack-v0.13.4": {
        "spec1": "omega-h-spack-v0.13.0",
        "spec2": "omega-h-spack-v0.13.4",
        "1_package_name_overlap": 1.0,
        "2_package_name_version_exact": 0.9487179487179487,
        "3_package_weighted_versions": 0.9736842105263158,
        "4_parameter_overlap": 0.5263157894736842,
        "5_arch_overlap": 0.9210526315789473
    },
    "omega-h-spack-v0.13.0-omega-h-spack-v0.14.0": {
        "spec1": "omega-h-spack-v0.13.0",
        "spec2": "omega-h-spack-v0.14.0",
        "1_package_name_overlap": 0.9487179487179487,
        "2_package_name_version_exact": 0.5510204081632653,
        "3_package_weighted_versions": 0.6923076923076923,
        "4_parameter_overlap": 0.45794871794871794,
        "5_arch_overlap": 0.8717948717948718
    },
    "omega-h-spack-v0.13.0-omega-h-spack-v0.14.1": {
        "spec1": "omega-h-spack-v0.13.0",
        "spec2": "omega-h-spack-v0.14.1",
        "1_package_name_overlap": 0.9487179487179487,
        "2_package_name_version_exact": 0.5510204081632653,
        "3_package_weighted_versions": 0.6923076923076923,
        "4_parameter_overlap": 0.45794871794871794,
        "5_arch_overlap": 0.8717948717948718
    },
    "omega-h-spack-v0.13.0-omega-h-spack-v0.14.2": {
        "spec1": "omega-h-spack-v0.13.0",
        "spec2": "omega-h-spack-v0.14.2",
        "1_package_name_overlap": 0.9487179487179487,
        "2_package_name_version_exact": 0.5510204081632653,
        "3_package_weighted_versions": 0.6923076923076923,
        "4_parameter_overlap": 0.45794871794871794,
        "5_arch_overlap": 0.8717948717948718
    },
    "omega-h-spack-v0.13.1-omega-h-spack-v0.13.1": {
        "spec1": "omega-h-spack-v0.13.1",
        "spec2": "omega-h-spack-v0.13.1",
        "1_package_name_overlap": 1,
        "2_package_name_version_exact": 1,
        "3_package_weighted_versions": 1,
        "4_parameter_overlap": 1,
        "5_arch_overlap": 1
    },
    "omega-h-spack-v0.13.1-omega-h-spack-v0.13.2": {
        "spec1": "omega-h-spack-v0.13.1",
        "spec2": "omega-h-spack-v0.13.2",
        "1_package_name_overlap": 1.0,
        "2_package_name_version_exact": 1.0,
        "3_package_weighted_versions": 1.0,
        "4_parameter_overlap": 0.5263157894736842,
        "5_arch_overlap": 0.9210526315789473
    },
    "omega-h-spack-v0.13.1-omega-h-spack-v0.13.3": {
        "spec1": "omega-h-spack-v0.13.1",
        "spec2": "omega-h-spack-v0.13.3",
        "1_package_name_overlap": 1.0,
        "2_package_name_version_exact": 1.0,
        "3_package_weighted_versions": 1.0,
        "4_parameter_overlap": 0.5263157894736842,
        "5_arch_overlap": 0.9210526315789473
    },
    "omega-h-spack-v0.13.1-omega-h-spack-v0.13.4": {
        "spec1": "omega-h-spack-v0.13.1",
        "spec2": "omega-h-spack-v0.13.4",
        "1_package_name_overlap": 1.0,
        "2_package_name_version_exact": 1.0,
        "3_package_weighted_versions": 1.0,
        "4_parameter_overlap": 0.5263157894736842,
        "5_arch_overlap": 0.9210526315789473
    },
    "omega-h-spack-v0.13.1-omega-h-spack-v0.14.0": {
        "spec1": "omega-h-spack-v0.13.1",
        "spec2": "omega-h-spack-v0.14.0",
        "1_package_name_overlap": 0.9487179487179487,
        "2_package_name_version_exact": 0.5510204081632653,
        "3_package_weighted_versions": 0.6923076923076923,
        "4_parameter_overlap": 0.45794871794871794,
        "5_arch_overlap": 0.8717948717948718
    },
    "omega-h-spack-v0.13.1-omega-h-spack-v0.14.1": {
        "spec1": "omega-h-spack-v0.13.1",
        "spec2": "omega-h-spack-v0.14.1",
        "1_package_name_overlap": 0.9487179487179487,
        "2_package_name_version_exact": 0.5510204081632653,
        "3_package_weighted_versions": 0.6923076923076923,
        "4_parameter_overlap": 0.45794871794871794,
        "5_arch_overlap": 0.8717948717948718
    },
    "omega-h-spack-v0.13.1-omega-h-spack-v0.14.2": {
        "spec1": "omega-h-spack-v0.13.1",
        "spec2": "omega-h-spack-v0.14.2",
        "1_package_name_overlap": 0.9487179487179487,
        "2_package_name_version_exact": 0.5510204081632653,
        "3_package_weighted_versions": 0.6923076923076923,
        "4_parameter_overlap": 0.45794871794871794,
        "5_arch_overlap": 0.8717948717948718
    },
    "omega-h-spack-v0.13.2-omega-h-spack-v0.13.2": {
        "spec1": "omega-h-spack-v0.13.2",
        "spec2": "omega-h-spack-v0.13.2",
        "1_package_name_overlap": 1,
        "2_package_name_version_exact": 1,
        "3_package_weighted_versions": 1,
        "4_parameter_overlap": 1,
        "5_arch_overlap": 1
    },
    "omega-h-spack-v0.13.2-omega-h-spack-v0.13.3": {
        "spec1": "omega-h-spack-v0.13.2",
        "spec2": "omega-h-spack-v0.13.3",
        "1_package_name_overlap": 1.0,
        "2_package_name_version_exact": 1.0,
        "3_package_weighted_versions": 1.0,
        "4_parameter_overlap": 0.5263157894736842,
        "5_arch_overlap": 0.9210526315789473
    },
    "omega-h-spack-v0.13.2-omega-h-spack-v0.13.4": {
        "spec1": "omega-h-spack-v0.13.2",
        "spec2": "omega-h-spack-v0.13.4",
        "1_package_name_overlap": 1.0,
        "2_package_name_version_exact": 1.0,
        "3_package_weighted_versions": 1.0,
        "4_parameter_overlap": 0.5263157894736842,
        "5_arch_overlap": 0.9210526315789473
    },
    "omega-h-spack-v0.13.2-omega-h-spack-v0.14.0": {
        "spec1": "omega-h-spack-v0.13.2",
        "spec2": "omega-h-spack-v0.14.0",
        "1_package_name_overlap": 0.9487179487179487,
        "2_package_name_version_exact": 0.5510204081632653,
        "3_package_weighted_versions": 0.6923076923076923,
        "4_parameter_overlap": 0.45794871794871794,
        "5_arch_overlap": 0.8717948717948718
    },
    "omega-h-spack-v0.13.2-omega-h-spack-v0.14.1": {
        "spec1": "omega-h-spack-v0.13.2",
        "spec2": "omega-h-spack-v0.14.1",
        "1_package_name_overlap": 0.9487179487179487,
        "2_package_name_version_exact": 0.5510204081632653,
        "3_package_weighted_versions": 0.6923076923076923,
        "4_parameter_overlap": 0.45794871794871794,
        "5_arch_overlap": 0.8717948717948718
    },
    "omega-h-spack-v0.13.2-omega-h-spack-v0.14.2": {
        "spec1": "omega-h-spack-v0.13.2",
        "spec2": "omega-h-spack-v0.14.2",
        "1_package_name_overlap": 0.9487179487179487,
        "2_package_name_version_exact": 0.5510204081632653,