{
    "py-tetoolkit-spack-v0.11.2-py-tetoolkit-spack-v0.11.2": {
        "spec1": "py-tetoolkit-spack-v0.11.2",
        "spec2": "py-tetoolkit-spack-v0.11.2",
        "1_package_name_overlap": 1,
        "2_package_name_version_exact": 1,
        "3_package_weighted_versions": 1,
        "4_parameter_overlap": 1,
        "5_arch_overlap": 1
    },
    "py-tetoolkit-spack-v0.11.2-py-tetoolkit-spack-v0.12.0": {
        "spec1": "py-tetoolkit-spack-v0.11.2",
        "spec2": "py-tetoolkit-spack-v0.12.0",
        "1_package_name_overlap": 0.9285714285714286,
        "2_package_name_version_exact": 0.35,
        "3_package_weighted_versions": 0.750727165582982,
        "4_parameter_overlap": 0.06666666666666667,
        "5_arch_overlap": 0.7380952380952381
    },
    "py-tetoolkit-spack-v0.11.2-py-tetoolkit-spack-v0.12.1": {
        "spec1": "py-tetoolkit-spack-v0.11.2",
        "spec2": "py-tetoolkit-spack-v0.12.1",
        "1_package_name_overlap": 0.9285714285714286,
        "2_package_name_version_exact": 0.35,
        "3_package_weighted_versions": 0.750727165582982,
        "4_parameter_overlap": 0.06666666666666667,
        "5_arch_overlap": 0.7380952380952381
    },
    "py-tetoolkit-spack-v0.11.2-py-tetoolkit-spack-v0.14.0": {
        "spec1": "py-tetoolkit-spack-v0.11.2",
        "spec2": "py-tetoolkit-spack-v0.14.0",
        "1_package_name_overlap": 0.3645833333333333,
        "2_package_name_version_exact": 0.03557312252964427,
        "3_package_weighted_versions": 0.09115247904494649,
        "4_parameter_overlap": 0.025049603174603172,
        "5_arch_overlap": 0.14322916666666666
    },
    "py-tetoolkit-spack-v0.11.2-py-tetoolkit-spack-v0.14.1": {
        "spec1": "py-tetoolkit-spack-v0.11.2",
        "spec2": "py-tetoolkit-spack-v0.14.1",
        "1_package_name_overlap": 0.3645833333333333,
        "2_package_name_version_exact": 0.03557312252964427,
        "3_package_weighted_versions": 0.09115247904494649,
        "4_parameter_overlap": 0.025049603174603172,
        "5_arch_overlap": 0.14322916666666666
    },
    "py-tetoolkit-spack-v0.11.2-py-tetoolkit-spack-v0.14.2": {
        "spec1": "py-tetoolkit-spack-v0.11.2",
        "spec2": "py-tetoolkit-spack-v0.14.2",
        "1_package_name_overlap": 0.3645833333333333,
        "2_package_name_version_exact": 0.03557312252964427,
        "3_package_weighted_versions": 0.09115247904494649,
        "4_parameter_overlap": 0.025049603174603172,
        "5_arch_overlap": 0.14322916666666666
    },
    "py-tetoolkit-spack-v0.11.2-py-tetoolkit-spack-v0.16.1": {
        "spec1": "py-tetoolkit-spack-v0.11.2",
        "spec2": "py-tetoolkit-spack-v0.16.1",
        "1_package_name_overlap": 0.35,
        "2_package_name_version_exact": 0.030534351145038167,
        "3_package_weighted_versions": 0.04805826433025473,
        "4_parameter_overlap": 0.02145833333333333,
        "5_arch_overlap": 0.1375
    },
    "py-tetoolkit-spack-v0.12.0-py-tetoolkit-spack-v0.12.0": {
        "spec1": "py-tetoolkit-spack-v0.12.0",
        "spec2": "py-tetoolkit-spack-v0.12.0",
        "1_package_name_overlap": 1,
        "2_package_name_version_exact": 1,
        "3_package_weighted_versions": 1,
        "4_parameter_overlap": 1,
        "5_arch_overlap": 1
    },
    "py-tetoolkit-spack-v0.12.0-py-tetoolkit-spack-v0.12.1": {
        "spec1": "py-tetoolkit-spack-v0.12.0",
        "spec2": "py-tetoolkit-spack-v0.12.1",
        "1_package_name_overlap": 1.0,
        "2_package_name_version_exact": 1.0,
        "3_package_weighted_versions": 1.0,
        "4_parameter_overlap": 0.0875,
        "5_arch_overlap": 0.8
    },
    "py-tetoolkit-spack-v0.12.0-py-tetoolkit-spack-v0.14.0": {
        "spec1": "py-tetoolkit-spack-v0.12.0",
        "spec2": "py-tetoolkit-spack-v0.14.0",
        "1_package_name_overlap": 0.3612565445026178,
        "2_package_name_version_exact": 0.056910569105691054,
        "3_package_weighted_versions": 0.14502240972069091,
        "4_parameter_overlap": 0.025492395911244078,
        "5_arch_overlap": 0.14136125654450263
    },
    "py-tetoolkit-spack-v0.12.0-py-tetoolkit-spack-v0.14.1": {
        "spec1": "py-tetoolkit-spack-v0.12.0",
        "spec2": "py-tetoolkit-spack-v0.14.1",
        "1_package_name_overlap": 0.3612565445026178,
        "2_package_name_version_exact": 0.056910569105691054,
        "3_package_weighted_versions": 0.14502240972069091,
        "4_parameter_overlap": 0.025492395911244078,
        "5_arch_overlap": 0.14136125654450263
    },
    "py-tetoolkit-spack-v0.12.0-py-tetoolkit-spack-v0.14.2": {
        "spec1": "py-tetoolkit-spack-v0.12.0",
        "spec2": "py-tetoolkit-spack-v0.14.2",
        "1_package_name_overlap": 0.3612565445026178,
        "2_package_name_version_exact": 0.056910569105691054,
        "3_package_weighted_versions": 0.14502240972069091,
        "4_parameter_overlap": 0.025492395911244078,
        "5_arch_overlap": 0.14136125654450263
    },
    "py-tetoolkit-spack-v0.12.0-py-tetoolkit-spack-v0.16.1": {
        "spec1": "py-tetoolkit-spack-v0.12.0",
        "spec2": "py-tetoolkit-spack-v0.16.1",
        "1_package_name_overlap": 0.34673366834170855,
        "2_package_name_version_exact": 0.03875968992248062,
        "3_package_weighted_versions": 0.09527864722043634,
        "4_parameter_overlap": 0.022613065326633167,
        "5_arch_overlap": 0.135678391959799
    },
    "py-tetoolkit-spack-v0.12.1-py-tetoolkit-spack-v0.12.1": {
        "spec1": "py-tetoolkit-spack-v0.12.1",
        "spec2": "py-tetoolkit-spack-v0.12.1",
        "1_package_name_overlap": 1,
        "2_package_name_version_exact": 1,
        "3_package_weighted_versions": 1,
        "4_parameter_overlap": 1,
        "5_arch_overlap": 1
    },
    "py-tetoolkit-spack-v0.12.1-py-tetoolkit-spack-v0.14.0": {
        "spec1": "py-tetoolkit-spack-v0.12.1",
        "spec2": "py-tetoolkit-spack-v0.14.0",
        "1_package_name_overlap": 0.3612565445026178,
        "2_package_name_version_exact": 0.056910569105691054,
        "3_package_weighted_versions": 0.14502240972069091,
        "4_parameter_overlap": 0.025492395911244078,
        "5_arch_overlap": 0.14136125654450263
    },
    "py-tetoolkit-spack-v0.12.1-py-tetoolkit-spack-v0.14.1": {
        "spec1": "py-tetoolkit-spack-v0.12.1",
        "spec2": "py-tetoolkit-spack-v0.14.1",
        "1_package_name_overlap": 0.3612565445026178,
        "2_package_name_version_exact": 0.056910569105691054,
        "3_package_weighted_versions": 0.14502240972069091,
        "4_parameter_overlap": 0.025492395911244078,
        "5_arch_overlap": 0.14136125654450263
    },
    "py-tetoolkit-spack-v0.12.1-py-tetoolkit-spack-v0.14.2": {
        "spec1": "py-tetoolkit-spack-v0.12.1",
        "spec2": "py-tetoolkit-spack-v0.14.2",
        "1_package_name_overlap": 0.3612565445026178,
        "2_package_name_version_exact": 0.056910569105691054,
        "3_package_weighted_versions": 0.14502240972069091,
        "4_parameter_overlap": 0.025492395911244078,
        "5_arch_overlap": 0.14136125654450263
    },
    "py-tetoolkit-spack-v0.12.1-py-tetoolkit-spack-v0.16.1": {
        "spec1": "py-tetoolkit-spack-v0.12.1",
        "spec2": "py-tetoolkit-spack-v0.16.1",
        "1_package_name_overlap": 0.34673366834170855,
        "2_package_name_version_exact": 0.03875968992248062,
        "3_package_weighted_versions": 0.09527864722043634,
        "4_parameter_overlap": 0.022613065326633167,
        "5_arch_overlap": 0.135678391959799
    },
    "py-tetoolkit-spack-v0.14.0-py-tetoolkit-spack-v0.14.0": {
        "spec1": "py-tetoolkit-spack-v0.14.0",
        "spec2": "py-tetoolkit-spack-v0.14.0",
        "1_package_name_overlap": 1,
        "2_package_name_version_exact": 1,
        "3_package_weighted_versions": 1,
        "4_parameter_overlap": 1,
        "5_arch_overlap": 1
    },
    "py-tetoolkit-spack-v0.14.0-py-tetoolkit-spack-v0.14.1": {
        "spec1": "py-tetoolkit-spack-v0.14.0",
        "spec2": "py-tetoolkit-spack-v0.14.1",