{
    "py-slepc4py-spack-v0.11.0-py-slepc4py-spack-v0.11.0": {
        "spec1": "py-slepc4py-spack-v0.11.0",
        "spec2": "py-slepc4py-spack-v0.11.0",
        "1_package_name_overlap": 1,
        "2_package_name_version_exact": 1,
        "3_package_weighted_versions": 1,
        "4_parameter_overlap": 1,
        "5_arch_overlap": 1
    },
    "py-slepc4py-spack-v0.11.0-py-slepc4py-spack-v0.11.1": {
        "spec1": "py-slepc4py-spack-v0.11.0",
        "spec2": "py-slepc4py-spack-v0.11.1",
        "1_package_name_overlap": 1.0,
        "2_package_name_version_exact": 1.0,
        "3_package_weighted_versions": 1.0,
        "4_parameter_overlap": 0.56,
        "5_arch_overlap": 0.92
    },
    "py-slepc4py-spack-v0.11.0-py-slepc4py-spack-v0.11.2": {
        "spec1": "py-slepc4py-spack-v0.11.0",
        "spec2": "py-slepc4py-spack-v0.11.2",
        "1_package_name_overlap": 0.9615384615384616,
        "2_package_name_version_exact": 0.5454545454545454,
        "3_package_weighted_versions": 0.8760559968430717,
        "4_parameter_overlap": 0.498931623931624,
        "5_arch_overlap": 0.8846153846153846
    },
    "py-slepc4py-spack-v0.11.0-py-slepc4py-spack-v0.12.0": {
        "spec1": "py-slepc4py-spack-v0.11.0",
        "spec2": "py-slepc4py-spack-v0.12.0",
        "1_package_name_overlap": 0.8928571428571429,
        "2_package_name_version_exact": 0.17777777777777778,
        "3_package_weighted_versions": 0.510404309701971,
        "4_parameter_overlap": 0.37718253968253973,
        "5_arch_overlap": 0.8214285714285714
    },
    "py-slepc4py-spack-v0.11.0-py-slepc4py-spack-v0.12.1": {
        "spec1": "py-slepc4py-spack-v0.11.0",
        "spec2": "py-slepc4py-spack-v0.12.1",
        "1_package_name_overlap": 0.8928571428571429,
        "2_package_name_version_exact": 0.17777777777777778,
        "3_package_weighted_versions": 0.510404309701971,
        "4_parameter_overlap": 0.37718253968253973,
        "5_arch_overlap": 0.8214285714285714
    },
    "py-slepc4py-spack-v0.11.0-py-slepc4py-spack-v0.14.0": {
        "spec1": "py-slepc4py-spack-v0.11.0",
        "spec2": "py-slepc4py-spack-v0.14.0",
        "1_package_name_overlap": 0.5434782608695652,
        "2_package_name_version_exact": 0.07575757575757576,
        "3_package_weighted_versions": 0.11101633861933768,
        "4_parameter_overlap": 0.1993616287094548,
        "5_arch_overlap": 0.25
    },
    "py-slepc4py-spack-v0.11.0-py-slepc4py-spack-v0.14.1": {
        "spec1": "py-slepc4py-spack-v0.11.0",
        "spec2": "py-slepc4py-spack-v0.14.1",
        "1_package_name_overlap": 0.5434782608695652,
        "2_package_name_version_exact": 0.07575757575757576,
        "3_package_weighted_versions": 0.11101633861933768,
        "4_parameter_overlap": 0.1993616287094548,
        "5_arch_overlap": 0.25
    },
    "py-slepc4py-spack-v0.11.0-py-slepc4py-spack-v0.14.2": {
        "spec1": "py-slepc4py-spack-v0.11.0",
        "spec2": "py-slepc4py-spack-v0.14.2",
        "1_package_name_overlap": 0.5434782608695652,
        "2_package_name_version_exact": 0.07575757575757576,
        "3_package_weighted_versions": 0.11101633861933768,
        "4_parameter_overlap": 0.1993616287094548,
        "5_arch_overlap": 0.25
    },
    "py-slepc4py-spack-v0.11.1-py-slepc4py-spack-v0.11.1": {
        "spec1": "py-slepc4py-spack-v0.11.1",
        "spec2": "py-slepc4py-spack-v0.11.1",
        "1_package_name_overlap": 1,
        "2_package_name_version_exact": 1,
        "3_package_weighted_versions": 1,
        "4_parameter_overlap": 1,
        "5_arch_overlap": 1
    },
    "py-slepc4py-spack-v0.11.1-py-slepc4py-spack-v0.11.2": {
        "spec1": "py-slepc4py-spack-v0.11.1",
        "spec2": "py-slepc4py-spack-v0.11.2",
        "1_package_name_overlap": 0.9615384615384616,
        "2_package_name_version_exact": 0.5454545454545454,
        "3_package_weighted_versions": 0.8760559968430717,
        "4_parameter_overlap": 0.498931623931624,
        "5_arch_overlap": 0.8846153846153846
    },
    "py-slepc4py-spack-v0.11.1-py-slepc4py-spack-v0.12.0": {
        "spec1": "py-slepc4py-spack-v0.11.1",
        "spec2": "py-slepc4py-spack-v0.12.0",
        "1_package_name_overlap": 0.8928571428571429,
        "2_package_name_version_exact": 0.17777777777777778,
        "3_package_weighted_versions": 0.510404309701971,
        "4_parameter_overlap": 0.37718253968253973,
        "5_arch_overlap": 0.8214285714285714
    },
    "py-slepc4py-spack-v0.11.1-py-slepc4py-spack-v0.12.1": {
        "spec1": "py-slepc4py-spack-v0.11.1",
        "spec2": "py-slepc4py-spack-v0.12.1",
        "1_package_name_overlap": 0.8928571428571429,
        "2_package_name_version_exact": 0.17777777777777778,
        "3_package_weighted_versions": 0.510404309701971,
        "4_parameter_overlap": 0.37718253968253973,
        "5_arch_overlap": 0.8214285714285714
    },
    "py-slepc4py-spack-v0.11.1-py-slepc4py-spack-v0.14.0": {
        "spec1": "py-slepc4py-spack-v0.11.1",
        "spec2": "py-slepc4py-spack-v0.14.0",
        "1_package_name_overlap": 0.5434782608695652,
        "2_package_name_version_exact": 0.07575757575757576,
        "3_package_weighted_versions": 0.11101633861933768,
        "4_parameter_overlap": 0.1993616287094548,
        "5_arch_overlap": 0.25
    },
    "py-slepc4py-spack-v0.11.1-py-slepc4py-spack-v0.14.1": {
        "spec1": "py-slepc4py-spack-v0.11.1",
        "spec2": "py-slepc4py-spack-v0.14.1",
        "1_package_name_overlap": 0.5434782608695652,
        "2_package_name_version_exact": 0.07575757575757576,
        "3_package_weighted_versions": 0.11101633861933768,
        "4_parameter_overlap": 0.1993616287094548,
        "5_arch_overlap": 0.25
    },
    "py-slepc4py-spack-v0.11.1-py-slepc4py-spack-v0.14.2": {
        "spec1": "py-slepc4py-spack-v0.11.1",
        "spec2": "py-slepc4py-spack-v0.14.2",
        "1_package_name_overlap": 0.5434782608695652,
        "2_package_name_version_exact": 0.07575757575757576,
        "3_package_weighted_versions": 0.11101633861933768,
        "4_parameter_overlap": 0.1993616287094548,
        "5_arch_overlap": 0.25
    },
    "py-slepc4py-spack-v0.11.2-py-slepc4py-spack-v0.11.2": {
        "spec1": "py-slepc4py-spack-v0.11.2",
        "spec2": "py-slepc4py-spack-v0.11.2",
        "1_package_name_overlap": 1,
        "2_package_name_version_exact": 1,
        "3_package_weighted_versions": 1,
        "4_parameter_overlap": 1,
        "5_arch_overlap": 1
    },
    "py-slepc4py-spack-v0.11.2-py-slepc4py-spack-v0.12.0": {
        "spec1": "py-slepc4py-spack-v0.11.2",
        "spec2": "py-slepc4py-spack-v0.12.0",
        "1_package_name_overlap": 0.9285714285714286,
        "2_package_name_version_exact": 0.22727272727272727,
        "3_package_weighted_versions": 0.575643979300071,
        "4_parameter_overlap": 0.4496031746031746,
        "5_arch_overlap": 0.8571428571428571
    },
    "py-slepc4py-spack-v0.11.2-py-slepc4py-spack-v0.12.1": {
        "spec1": "py-slepc4py-spack-v0.11.2",
        "spec2": "py-slepc4py-spack-v0.12.1",
        "1_package_name_overlap": 0.9285714285714286,
        "2_package_name_version_exact": 0.22727272727272727,
        "3_package_weighted_versions": 0.575643979300071,
        "4_parameter_overlap": 0.4496031746031746,
        "5_arch_overlap": 0.8571428571428571
    },
    "py-slepc4py-spack-v0.11.2-py-slepc4py-spack-v0.14.0": {
        "spec1": "py-slepc4py-spack-v0.11.2",
        "spec2": "py-slepc4py-spack-v0.14.0",
        "1_package_name_overlap": 0.5652173913043478,
        "2_package_name_version_exact": 0.07462686567164178,
        "3_package_weighted_versions": 0.1375933838819493,
        "4_parameter_overlap": 0.2423567977915804,
        "5_arch_overlap": 0.2608695652173913
    },
    "py-slepc4py-spack-v0.11.2-py-slepc4py-spack-v0.14.1": {
        "spec1": "py-slepc4py-spack-v0.11.2",
        "spec2": "py-slepc4py-spack-v0.14.1",
        "1_package_name_overlap": 0.5652173913043478,