{
    "py-sfepy-spack-v0.11.2-py-sfepy-spack-v0.11.2": {
        "spec1": "py-sfepy-spack-v0.11.2",
        "spec2": "py-sfepy-spack-v0.11.2",
        "1_package_name_overlap": 1,
        "2_package_name_version_exact": 1,
        "3_package_weighted_versions": 1,
        "4_parameter_overlap": 1,
        "5_arch_overlap": 1
    },
    "py-sfepy-spack-v0.11.2-py-sfepy-spack-v0.13.0": {
        "spec1": "py-sfepy-spack-v0.11.2",
        "spec2": "py-sfepy-spack-v0.13.0",
        "1_package_name_overlap": 0.4025974025974026,
        "2_package_name_version_exact": 0.058823529411764705,
        "3_package_weighted_versions": 0.08826021035191986,
        "4_parameter_overlap": 0.07732267732267732,
        "5_arch_overlap": 0.18831168831168832
    },
    "py-sfepy-spack-v0.11.2-py-sfepy-spack-v0.13.1": {
        "spec1": "py-sfepy-spack-v0.11.2",
        "spec2": "py-sfepy-spack-v0.13.1",
        "1_package_name_overlap": 0.4025974025974026,
        "2_package_name_version_exact": 0.058823529411764705,
        "3_package_weighted_versions": 0.08826021035191986,
        "4_parameter_overlap": 0.07732267732267732,
        "5_arch_overlap": 0.18831168831168832
    },
    "py-sfepy-spack-v0.11.2-py-sfepy-spack-v0.13.2": {
        "spec1": "py-sfepy-spack-v0.11.2",
        "spec2": "py-sfepy-spack-v0.13.2",
        "1_package_name_overlap": 0.4025974025974026,
        "2_package_name_version_exact": 0.058823529411764705,
        "3_package_weighted_versions": 0.08826021035191986,
        "4_parameter_overlap": 0.07732267732267732,
        "5_arch_overlap": 0.18831168831168832
    },
    "py-sfepy-spack-v0.11.2-py-sfepy-spack-v0.13.3": {
        "spec1": "py-sfepy-spack-v0.11.2",
        "spec2": "py-sfepy-spack-v0.13.3",
        "1_package_name_overlap": 0.4025974025974026,
        "2_package_name_version_exact": 0.058823529411764705,
        "3_package_weighted_versions": 0.08826021035191986,
        "4_parameter_overlap": 0.07732267732267732,
        "5_arch_overlap": 0.18831168831168832
    },
    "py-sfepy-spack-v0.11.2-py-sfepy-spack-v0.13.4": {
        "spec1": "py-sfepy-spack-v0.11.2",
        "spec2": "py-sfepy-spack-v0.13.4",
        "1_package_name_overlap": 0.4025974025974026,
        "2_package_name_version_exact": 0.058823529411764705,
        "3_package_weighted_versions": 0.08826021035191986,
        "4_parameter_overlap": 0.07732267732267732,
        "5_arch_overlap": 0.18831168831168832
    },
    "py-sfepy-spack-v0.11.2-py-sfepy-spack-v0.14.0": {
        "spec1": "py-sfepy-spack-v0.11.2",
        "spec2": "py-sfepy-spack-v0.14.0",
        "1_package_name_overlap": 0.40789473684210525,
        "2_package_name_version_exact": 0.0594059405940594,
        "3_package_weighted_versions": 0.07893311439143846,
        "4_parameter_overlap": 0.08411654135338346,
        "5_arch_overlap": 0.19078947368421054
    },
    "py-sfepy-spack-v0.11.2-py-sfepy-spack-v0.14.1": {
        "spec1": "py-sfepy-spack-v0.11.2",
        "spec2": "py-sfepy-spack-v0.14.1",
        "1_package_name_overlap": 0.40789473684210525,
        "2_package_name_version_exact": 0.0594059405940594,
        "3_package_weighted_versions": 0.07893311439143846,
        "4_parameter_overlap": 0.08411654135338346,
        "5_arch_overlap": 0.19078947368421054
    },
    "py-sfepy-spack-v0.11.2-py-sfepy-spack-v0.14.2": {
        "spec1": "py-sfepy-spack-v0.11.2",
        "spec2": "py-sfepy-spack-v0.14.2",
        "1_package_name_overlap": 0.40789473684210525,
        "2_package_name_version_exact": 0.0594059405940594,
        "3_package_weighted_versions": 0.07893311439143846,
        "4_parameter_overlap": 0.08411654135338346,
        "5_arch_overlap": 0.19078947368421054
    },
    "py-sfepy-spack-v0.13.0-py-sfepy-spack-v0.13.0": {
        "spec1": "py-sfepy-spack-v0.13.0",
        "spec2": "py-sfepy-spack-v0.13.0",
        "1_package_name_overlap": 1,
        "2_package_name_version_exact": 1,
        "3_package_weighted_versions": 1,
        "4_parameter_overlap": 1,
        "5_arch_overlap": 1
    },
    "py-sfepy-spack-v0.13.0-py-sfepy-spack-v0.13.1": {
        "spec1": "py-sfepy-spack-v0.13.0",
        "spec2": "py-sfepy-spack-v0.13.1",
        "1_package_name_overlap": 1.0,
        "2_package_name_version_exact": 1.0,
        "3_package_weighted_versions": 1.0,
        "4_parameter_overlap": 0.3389830508474576,
        "5_arch_overlap": 0.9661016949152542
    },
    "py-sfepy-spack-v0.13.0-py-sfepy-spack-v0.13.2": {
        "spec1": "py-sfepy-spack-v0.13.0",
        "spec2": "py-sfepy-spack-v0.13.2",
        "1_package_name_overlap": 1.0,
        "2_package_name_version_exact": 1.0,
        "3_package_weighted_versions": 1.0,
        "4_parameter_overlap": 0.3389830508474576,
        "5_arch_overlap": 0.9661016949152542
    },
    "py-sfepy-spack-v0.13.0-py-sfepy-spack-v0.13.3": {
        "spec1": "py-sfepy-spack-v0.13.0",
        "spec2": "py-sfepy-spack-v0.13.3",
        "1_package_name_overlap": 1.0,
        "2_package_name_version_exact": 1.0,
        "3_package_weighted_versions": 1.0,
        "4_parameter_overlap": 0.3389830508474576,
        "5_arch_overlap": 0.9661016949152542
    },
    "py-sfepy-spack-v0.13.0-py-sfepy-spack-v0.13.4": {
        "spec1": "py-sfepy-spack-v0.13.0",
        "spec2": "py-sfepy-spack-v0.13.4",
        "1_package_name_overlap": 1.0,
        "2_package_name_version_exact": 1.0,
        "3_package_weighted_versions": 1.0,
        "4_parameter_overlap": 0.3389830508474576,
        "5_arch_overlap": 0.9661016949152542
    },
    "py-sfepy-spack-v0.13.0-py-sfepy-spack-v0.14.0": {
        "spec1": "py-sfepy-spack-v0.13.0",
        "spec2": "py-sfepy-spack-v0.14.0",
        "1_package_name_overlap": 0.9830508474576272,
        "2_package_name_version_exact": 0.625,
        "3_package_weighted_versions": 0.9017437372313811,
        "4_parameter_overlap": 0.3105606258148631,
        "5_arch_overlap": 0.9491525423728814
    },
    "py-sfepy-spack-v0.13.0-py-sfepy-spack-v0.14.1": {
        "spec1": "py-sfepy-spack-v0.13.0",
        "spec2": "py-sfepy-spack-v0.14.1",
        "1_package_name_overlap": 0.9830508474576272,
        "2_package_name_version_exact": 0.625,
        "3_package_weighted_versions": 0.9017437372313811,
        "4_parameter_overlap": 0.3105606258148631,
        "5_arch_overlap": 0.9491525423728814
    },
    "py-sfepy-spack-v0.13.0-py-sfepy-spack-v0.14.2": {
        "spec1": "py-sfepy-spack-v0.13.0",
        "spec2": "py-sfepy-spack-v0.14.2",
        "1_package_name_overlap": 0.9830508474576272,
        "2_package_name_version_exact": 0.625,
        "3_package_weighted_versions": 0.9017437372313811,
        "4_parameter_overlap": 0.3105606258148631,
        "5_arch_overlap": 0.9491525423728814
    },
    "py-sfepy-spack-v0.13.1-py-sfepy-spack-v0.13.1": {
        "spec1": "py-sfepy-spack-v0.13.1",
        "spec2": "py-sfepy-spack-v0.13.1",
        "1_package_name_overlap": 1,
        "2_package_name_version_exact": 1,
        "3_package_weighted_versions": 1,
        "4_parameter_overlap": 1,
        "5_arch_overlap": 1
    },
    "py-sfepy-spack-v0.13.1-py-sfepy-spack-v0.13.2": {
        "spec1": "py-sfepy-spack-v0.13.1",
        "spec2": "py-sfepy-spack-v0.13.2",
        "1_package_name_overlap": 1.0,
        "2_package_name_version_exact": 1.0,
        "3_package_weighted_versions": 1.0,
        "4_parameter_overlap": 0.3389830508474576,
        "5_arch_overlap": 0.9661016949152542
    },
    "py-sfepy-spack-v0.13.1-py-sfepy-spack-v0.13.3": {
        "spec1": "py-sfepy-spack-v0.13.1",
        "spec2": "py-sfepy-spack-v0.13.3",
        "1_package_name_overlap": 1.0,
        "2_package_name_version_exact": 1.0,
        "3_package_weighted_versions": 1.0,
        "4_parameter_overlap": 0.3389830508474576,
        "5_arch_overlap": 0.9661016949152542
    },
    "py-sfepy-spack-v0.13.1-py-sfepy-spack-v0.13.4": {
        "spec1": "py-sfepy-spack-v0.13.1",
        "spec2": "py-sfepy-spack-v0.13.4",
        "1_package_name_overlap": 1.0,