{
    "aspect-spack-v0.12.0-aspect-spack-v0.12.0": {
        "spec1": "aspect-spack-v0.12.0",
        "spec2": "aspect-spack-v0.12.0",
        "1_package_name_overlap": 1,
        "2_package_name_version_exact": 1,
        "3_package_weighted_versions": 1,
        "4_parameter_overlap": 1,
        "5_arch_overlap": 1
    },
    "aspect-spack-v0.12.0-aspect-spack-v0.12.1": {
        "spec1": "aspect-spack-v0.12.0",
        "spec2": "aspect-spack-v0.12.1",
        "1_package_name_overlap": 1.0,
        "2_package_name_version_exact": 1.0,
        "3_package_weighted_versions": 1.0,
        "4_parameter_overlap": 0.7380952380952381,
        "5_arch_overlap": 0.8809523809523809
    },
    "aspect-spack-v0.12.0-aspect-spack-v0.13.0": {
        "spec1": "aspect-spack-v0.12.0",
        "spec2": "aspect-spack-v0.13.0",
        "1_package_name_overlap": 0.6176470588235294,
        "2_package_name_version_exact": 0.23595505617977527,
        "3_package_weighted_versions": 0.3455023945061896,
        "4_parameter_overlap": 0.38246424173534155,
        "5_arch_overlap": 0.27205882352941174
    },
    "aspect-spack-v0.12.0-aspect-spack-v0.14.0": {
        "spec1": "aspect-spack-v0.12.0",
        "spec2": "aspect-spack-v0.14.0",
        "1_package_name_overlap": 0.5942028985507246,
        "2_package_name_version_exact": 0.1956521739130435,
        "3_package_weighted_versions": 0.2608695652173913,
        "4_parameter_overlap": 0.3703790412486065,
        "5_arch_overlap": 0.2608695652173913
    },
    "aspect-spack-v0.12.0-aspect-spack-v0.14.1": {
        "spec1": "aspect-spack-v0.12.0",
        "spec2": "aspect-spack-v0.14.1",
        "1_package_name_overlap": 0.5942028985507246,
        "2_package_name_version_exact": 0.1956521739130435,
        "3_package_weighted_versions": 0.2608695652173913,
        "4_parameter_overlap": 0.3703790412486065,
        "5_arch_overlap": 0.2608695652173913
    },
    "aspect-spack-v0.12.0-aspect-spack-v0.14.2": {
        "spec1": "aspect-spack-v0.12.0",
        "spec2": "aspect-spack-v0.14.2",
        "1_package_name_overlap": 0.5942028985507246,
        "2_package_name_version_exact": 0.1956521739130435,
        "3_package_weighted_versions": 0.2608695652173913,
        "4_parameter_overlap": 0.3703790412486065,
        "5_arch_overlap": 0.2608695652173913
    },
    "aspect-spack-v0.12.1-aspect-spack-v0.12.1": {
        "spec1": "aspect-spack-v0.12.1",
        "spec2": "aspect-spack-v0.12.1",
        "1_package_name_overlap": 1,
        "2_package_name_version_exact": 1,
        "3_package_weighted_versions": 1,
        "4_parameter_overlap": 1,
        "5_arch_overlap": 1
    },
    "aspect-spack-v0.12.1-aspect-spack-v0.13.0": {
        "spec1": "aspect-spack-v0.12.1",
        "spec2": "aspect-spack-v0.13.0",
        "1_package_name_overlap": 0.6176470588235294,
        "2_package_name_version_exact": 0.23595505617977527,
        "3_package_weighted_versions": 0.3455023945061896,
        "4_parameter_overlap": 0.38246424173534155,
        "5_arch_overlap": 0.27205882352941174
    },
    "aspect-spack-v0.12.1-aspect-spack-v0.14.0": {
        "spec1": "aspect-spack-v0.12.1",
        "spec2": "aspect-spack-v0.14.0",
        "1_package_name_overlap": 0.5942028985507246,
        "2_package_name_version_exact": 0.1956521739130435,
        "3_package_weighted_versions": 0.2608695652173913,
        "4_parameter_overlap": 0.3703790412486065,
        "5_arch_overlap": 0.2608695652173913
    },
    "aspect-spack-v0.12.1-aspect-spack-v0.14.1": {
        "spec1": "aspect-spack-v0.12.1",
        "spec2": "aspect-spack-v0.14.1",
        "1_package_name_overlap": 0.5942028985507246,
        "2_package_name_version_exact": 0.1956521739130435,
        "3_package_weighted_versions": 0.2608695652173913,
        "4_parameter_overlap": 0.3703790412486065,
        "5_arch_overlap": 0.2608695652173913
    },
    "aspect-spack-v0.12.1-aspect-spack-v0.14.2": {
        "spec1": "aspect-spack-v0.12.1",
        "spec2": "aspect-spack-v0.14.2",
        "1_package_name_overlap": 0.5942028985507246,
        "2_package_name_version_exact": 0.1956521739130435,
        "3_package_weighted_versions": 0.2608695652173913,
        "4_parameter_overlap": 0.3703790412486065,
        "5_arch_overlap": 0.2608695652173913
    },
    "aspect-spack-v0.13.0-aspect-spack-v0.13.0": {
        "spec1": "aspect-spack-v0.13.0",
        "spec2": "aspect-spack-v0.13.0",
        "1_package_name_overlap": 1,
        "2_package_name_version_exact": 1,
        "3_package_weighted_versions": 1,
        "4_parameter_overlap": 1,
        "5_arch_overlap": 1
    },
    "aspect-spack-v0.13.0-aspect-spack-v0.14.0": {
        "spec1": "aspect-spack-v0.13.0",
        "spec2": "aspect-spack-v0.14.0",
        "1_package_name_overlap": 0.9710144927536232,
        "2_package_name_version_exact": 0.6,
        "3_package_weighted_versions": 0.8044324228054943,
        "4_parameter_overlap": 0.5613489409141583,
        "5_arch_overlap": 0.8840579710144928
    },
    "aspect-spack-v0.13.0-aspect-spack-v0.14.1": {
        "spec1": "aspect-spack-v0.13.0",
        "spec2": "aspect-spack-v0.14.1",
        "1_package_name_overlap": 0.9710144927536232,
        "2_package_name_version_exact": 0.6,
        "3_package_weighted_versions": 0.8044324228054943,
        "4_parameter_overlap": 0.5613489409141583,
        "5_arch_overlap": 0.8840579710144928
    },
    "aspect-spack-v0.13.0-aspect-spack-v0.14.2": {
        "spec1": "aspect-spack-v0.13.0",
        "spec2": "aspect-spack-v0.14.2",
        "1_package_name_overlap": 0.9710144927536232,
        "2_package_name_version_exact": 0.6,
        "3_package_weighted_versions": 0.8044324228054943,
        "4_parameter_overlap": 0.5613489409141583,
        "5_arch_overlap": 0.8840579710144928
    },
    "aspect-spack-v0.14.0-aspect-spack-v0.14.0": {
        "spec1": "aspect-spack-v0.14.0",
        "spec2": "aspect-spack-v0.14.0",
        "1_package_name_overlap": 1,
        "2_package_name_version_exact": 1,
        "3_package_weighted_versions": 1,
        "4_parameter_overlap": 1,
        "5_arch_overlap": 1
    },
    "aspect-spack-v0.14.0-aspect-spack-v0.14.1": {
        "spec1": "aspect-spack-v0.14.0",
        "spec2": "aspect-spack-v0.14.1",
        "1_package_name_overlap": 1.0,
        "2_package_name_version_exact": 1.0,
        "3_package_weighted_versions": 1.0,
        "4_parameter_overlap": 0.6029411764705882,
        "5_arch_overlap": 0.9117647058823529
    },
    "aspect-spack-v0.14.0-aspect-spack-v0.14.2": {
        "spec1": "aspect-spack-v0.14.0",
        "spec2": "aspect-spack-v0.14.2",
        "1_package_name_overlap": 1.0,
        "2_package_name_version_exact": 1.0,
        "3_package_weighted_versions": 1.0,
        "4_parameter_overlap": 0.6029411764705882,
        "5_arch_overlap": 0.9117647058823529
    },
    "aspect-spack-v0.14.1-aspect-spack-v0.14.1": {
        "spec1": "aspect-spack-v0.14.1",
        "spec2": "aspect-spack-v0.14.1",
        "1_package_name_overlap": 1,
        "2_package_name_version_exact": 1,
        "3_package_weighted_versions": 1,
        "4_parameter_overlap": 1,
        "5_arch_overlap": 1
    },
    "aspect-spack-v0.14.1-aspect-spack-v0.14.2": {
        "spec1": "aspect-spack-v0.14.1",
        "spec2": "aspect-spack-v0.14.2",
        "1_package_name_overlap": 1.0,
        "2_package_name_version_exact": 1.0,
        "3_package_weighted_versions": 1.0,
        "4_parameter_overlap": 0.6029411764705882,
        "5_arch_overlap": 0.9117647058823529
    },
    "aspect-spack-v0.14.2-aspect-spack-v0.14.2": {
        "spec1": "aspect-spack-v0.14.2",
        "spec2": "aspect-spack-v0.14.2",
        "1_package_name_overlap": 1,
        "2_package_name_version_exact": 1,
        "3_package_weighted_versions": 1,
        "4_parameter_overlap": 1,
        "5_arch_overlap": 1
    }
}