{
    "r-bookdown-spack-v0.11.2-r-bookdown-spack-v0.11.2": {
        "spec1": "r-bookdown-spack-v0.11.2",
        "spec2": "r-bookdown-spack-v0.11.2",
        "1_package_name_overlap": 1,
        "2_package_name_version_exact": 1,
        "3_package_weighted_versions": 1,
        "4_parameter_overlap": 1,
        "5_arch_overlap": 1
    },
    "r-bookdown-spack-v0.11.2-r-bookdown-spack-v0.12.0": {
        "spec1": "r-bookdown-spack-v0.11.2",
        "spec2": "r-bookdown-spack-v0.12.0",
        "1_package_name_overlap": 0.9726027397260274,
        "2_package_name_version_exact": 0.5319148936170213,
        "3_package_weighted_versions": 0.8000855349615669,
        "4_parameter_overlap": 0.07671232876712328,
        "5_arch_overlap": 0.8767123287671232
    },
    "r-bookdown-spack-v0.11.2-r-bookdown-spack-v0.12.1": {
        "spec1": "r-bookdown-spack-v0.11.2",
        "spec2": "r-bookdown-spack-v0.12.1",
        "1_package_name_overlap": 0.9726027397260274,
        "2_package_name_version_exact": 0.5319148936170213,
        "3_package_weighted_versions": 0.8000855349615669,
        "4_parameter_overlap": 0.07671232876712328,
        "5_arch_overlap": 0.8767123287671232
    },
    "r-bookdown-spack-v0.11.2-r-bookdown-spack-v0.13.0": {
        "spec1": "r-bookdown-spack-v0.11.2",
        "spec2": "r-bookdown-spack-v0.13.0",
        "1_package_name_overlap": 0.49504950495049505,
        "2_package_name_version_exact": 0.06338028169014084,
        "3_package_weighted_versions": 0.09023713144795145,
        "4_parameter_overlap": 0.04772784970804773,
        "5_arch_overlap": 0.22772277227722773
    },
    "r-bookdown-spack-v0.11.2-r-bookdown-spack-v0.13.1": {
        "spec1": "r-bookdown-spack-v0.11.2",
        "spec2": "r-bookdown-spack-v0.13.1",
        "1_package_name_overlap": 0.49504950495049505,
        "2_package_name_version_exact": 0.06338028169014084,
        "3_package_weighted_versions": 0.09023713144795145,
        "4_parameter_overlap": 0.04772784970804773,
        "5_arch_overlap": 0.22772277227722773
    },
    "r-bookdown-spack-v0.11.2-r-bookdown-spack-v0.13.2": {
        "spec1": "r-bookdown-spack-v0.11.2",
        "spec2": "r-bookdown-spack-v0.13.2",
        "1_package_name_overlap": 0.49504950495049505,
        "2_package_name_version_exact": 0.06338028169014084,
        "3_package_weighted_versions": 0.09023713144795145,
        "4_parameter_overlap": 0.04772784970804773,
        "5_arch_overlap": 0.22772277227722773
    },
    "r-bookdown-spack-v0.11.2-r-bookdown-spack-v0.13.3": {
        "spec1": "r-bookdown-spack-v0.11.2",
        "spec2": "r-bookdown-spack-v0.13.3",
        "1_package_name_overlap": 0.49504950495049505,
        "2_package_name_version_exact": 0.06338028169014084,
        "3_package_weighted_versions": 0.09023713144795145,
        "4_parameter_overlap": 0.04772784970804773,
        "5_arch_overlap": 0.22772277227722773
    },
    "r-bookdown-spack-v0.11.2-r-bookdown-spack-v0.13.4": {
        "spec1": "r-bookdown-spack-v0.11.2",
        "spec2": "r-bookdown-spack-v0.13.4",
        "1_package_name_overlap": 0.49504950495049505,
        "2_package_name_version_exact": 0.06338028169014084,
        "3_package_weighted_versions": 0.09023713144795145,
        "4_parameter_overlap": 0.04772784970804773,
        "5_arch_overlap": 0.22772277227722773
    },
    "r-bookdown-spack-v0.12.0-r-bookdown-spack-v0.12.0": {
        "spec1": "r-bookdown-spack-v0.12.0",
        "spec2": "r-bookdown-spack-v0.12.0",
        "1_package_name_overlap": 1,
        "2_package_name_version_exact": 1,
        "3_package_weighted_versions": 1,
        "4_parameter_overlap": 1,
        "5_arch_overlap": 1
    },
    "r-bookdown-spack-v0.12.0-r-bookdown-spack-v0.12.1": {
        "spec1": "r-bookdown-spack-v0.12.0",
        "spec2": "r-bookdown-spack-v0.12.1",
        "1_package_name_overlap": 1.0,
        "2_package_name_version_exact": 1.0,
        "3_package_weighted_versions": 1.0,
        "4_parameter_overlap": 0.0958904109589041,
        "5_arch_overlap": 0.8904109589041096
    },
    "r-bookdown-spack-v0.12.0-r-bookdown-spack-v0.13.0": {
        "spec1": "r-bookdown-spack-v0.12.0",
        "spec2": "r-bookdown-spack-v0.13.0",
        "1_package_name_overlap": 0.4854368932038835,
        "2_package_name_version_exact": 0.09285714285714286,
        "3_package_weighted_versions": 0.1693108217015889,
        "4_parameter_overlap": 0.047485685835200395,
        "5_arch_overlap": 0.22330097087378642
    },
    "r-bookdown-spack-v0.12.0-r-bookdown-spack-v0.13.1": {
        "spec1": "r-bookdown-spack-v0.12.0",
        "spec2": "r-bookdown-spack-v0.13.1",
        "1_package_name_overlap": 0.4854368932038835,
        "2_package_name_version_exact": 0.09285714285714286,
        "3_package_weighted_versions": 0.1693108217015889,
        "4_parameter_overlap": 0.047485685835200395,
        "5_arch_overlap": 0.22330097087378642
    },
    "r-bookdown-spack-v0.12.0-r-bookdown-spack-v0.13.2": {
        "spec1": "r-bookdown-spack-v0.12.0",
        "spec2": "r-bookdown-spack-v0.13.2",
        "1_package_name_overlap": 0.4854368932038835,
        "2_package_name_version_exact": 0.09285714285714286,
        "3_package_weighted_versions": 0.1693108217015889,
        "4_parameter_overlap": 0.047485685835200395,
        "5_arch_overlap": 0.22330097087378642
    },
    "r-bookdown-spack-v0.12.0-r-bookdown-spack-v0.13.3": {
        "spec1": "r-bookdown-spack-v0.12.0",
        "spec2": "r-bookdown-spack-v0.13.3",
        "1_package_name_overlap": 0.4854368932038835,
        "2_package_name_version_exact": 0.09285714285714286,
        "3_package_weighted_versions": 0.1693108217015889,
        "4_parameter_overlap": 0.047485685835200395,
        "5_arch_overlap": 0.22330097087378642
    },
    "r-bookdown-spack-v0.12.0-r-bookdown-spack-v0.13.4": {
        "spec1": "r-bookdown-spack-v0.12.0",
        "spec2": "r-bookdown-spack-v0.13.4",
        "1_package_name_overlap": 0.4854368932038835,
        "2_package_name_version_exact": 0.09285714285714286,
        "3_package_weighted_versions": 0.1693108217015889,
        "4_parameter_overlap": 0.047485685835200395,
        "5_arch_overlap": 0.22330097087378642
    },
    "r-bookdown-spack-v0.12.1-r-bookdown-spack-v0.12.1": {
        "spec1": "r-bookdown-spack-v0.12.1",
        "spec2": "r-bookdown-spack-v0.12.1",
        "1_package_name_overlap": 1,
        "2_package_name_version_exact": 1,
        "3_package_weighted_versions": 1,
        "4_parameter_overlap": 1,
        "5_arch_overlap": 1
    },
    "r-bookdown-spack-v0.12.1-r-bookdown-spack-v0.13.0": {
        "spec1": "r-bookdown-spack-v0.12.1",
        "spec2": "r-bookdown-spack-v0.13.0",
        "1_package_name_overlap": 0.4854368932038835,
        "2_package_name_version_exact": 0.09285714285714286,
        "3_package_weighted_versions": 0.1693108217015889,
        "4_parameter_overlap": 0.047485685835200395,
        "5_arch_overlap": 0.22330097087378642
    },
    "r-bookdown-spack-v0.12.1-r-bookdown-spack-v0.13.1": {
        "spec1": "r-bookdown-spack-v0.12.1",
        "spec2": "r-bookdown-spack-v0.13.1",
        "1_package_name_overlap": 0.4854368932038835,
        "2_package_name_version_exact": 0.09285714285714286,
        "3_package_weighted_versions": 0.1693108217015889,
        "4_parameter_overlap": 0.047485685835200395,
        "5_arch_overlap": 0.22330097087378642
    },
    "r-bookdown-spack-v0.12.1-r-bookdown-spack-v0.13.2": {
        "spec1": "r-bookdown-spack-v0.12.1",
        "spec2": "r-bookdown-spack-v0.13.2",
        "1_package_name_overlap": 0.4854368932038835,
        "2_package_name_version_exact": 0.09285714285714286,
        "3_package_weighted_versions": 0.1693108217015889,
        "4_parameter_overlap": 0.047485685835200395,
        "5_arch_overlap": 0.22330097087378642
    },
    "r-bookdown-spack-v0.12.1-r-bookdown-spack-v0.13.3": {
        "spec1": "r-bookdown-spack-v0.12.1",
        "spec2": "r-bookdown-spack-v0.13.3",