{
    "r-gistr-spack-v0.11.0-r-gistr-spack-v0.11.0": {
        "spec1": "r-gistr-spack-v0.11.0",
        "spec2": "r-gistr-spack-v0.11.0",
        "1_package_name_overlap": 1,
        "2_package_name_version_exact": 1,
        "3_package_weighted_versions": 1,
        "4_parameter_overlap": 1,
        "5_arch_overlap": 1
    },
    "r-gistr-spack-v0.11.0-r-gistr-spack-v0.11.1": {
        "spec1": "r-gistr-spack-v0.11.0",
        "spec2": "r-gistr-spack-v0.11.1",
        "1_package_name_overlap": 1.0,
        "2_package_name_version_exact": 0.9761904761904762,
        "3_package_weighted_versions": 0.995983935742972,
        "4_parameter_overlap": 0.10843373493975904,
        "5_arch_overlap": 0.891566265060241
    },
    "r-gistr-spack-v0.11.0-r-gistr-spack-v0.11.2": {
        "spec1": "r-gistr-spack-v0.11.0",
        "spec2": "r-gistr-spack-v0.11.2",
        "1_package_name_overlap": 0.8777777777777778,
        "2_package_name_version_exact": 0.6732673267326733,
        "3_package_weighted_versions": 0.7888769414575866,
        "4_parameter_overlap": 0.1,
        "5_arch_overlap": 0.7888888888888889
    },
    "r-gistr-spack-v0.11.0-r-gistr-spack-v0.12.0": {
        "spec1": "r-gistr-spack-v0.11.0",
        "spec2": "r-gistr-spack-v0.12.0",
        "1_package_name_overlap": 0.8804347826086957,
        "2_package_name_version_exact": 0.44166666666666665,
        "3_package_weighted_versions": 0.5760869565217391,
        "4_parameter_overlap": 0.0608695652173913,
        "5_arch_overlap": 0.782608695652174
    },
    "r-gistr-spack-v0.11.0-r-gistr-spack-v0.12.1": {
        "spec1": "r-gistr-spack-v0.11.0",
        "spec2": "r-gistr-spack-v0.12.1",
        "1_package_name_overlap": 0.8804347826086957,
        "2_package_name_version_exact": 0.44166666666666665,
        "3_package_weighted_versions": 0.5760869565217391,
        "4_parameter_overlap": 0.0608695652173913,
        "5_arch_overlap": 0.782608695652174
    },
    "r-gistr-spack-v0.11.1-r-gistr-spack-v0.11.1": {
        "spec1": "r-gistr-spack-v0.11.1",
        "spec2": "r-gistr-spack-v0.11.1",
        "1_package_name_overlap": 1,
        "2_package_name_version_exact": 1,
        "3_package_weighted_versions": 1,
        "4_parameter_overlap": 1,
        "5_arch_overlap": 1
    },
    "r-gistr-spack-v0.11.1-r-gistr-spack-v0.11.2": {
        "spec1": "r-gistr-spack-v0.11.1",
        "spec2": "r-gistr-spack-v0.11.2",
        "1_package_name_overlap": 0.8777777777777778,
        "2_package_name_version_exact": 0.69,
        "3_package_weighted_versions": 0.7925806451612905,
        "4_parameter_overlap": 0.1,
        "5_arch_overlap": 0.7888888888888889
    },
    "r-gistr-spack-v0.11.1-r-gistr-spack-v0.12.0": {
        "spec1": "r-gistr-spack-v0.11.1",
        "spec2": "r-gistr-spack-v0.12.0",
        "1_package_name_overlap": 0.8804347826086957,
        "2_package_name_version_exact": 0.44166666666666665,
        "3_package_weighted_versions": 0.5797101449275363,
        "4_parameter_overlap": 0.0608695652173913,
        "5_arch_overlap": 0.782608695652174
    },
    "r-gistr-spack-v0.11.1-r-gistr-spack-v0.12.1": {
        "spec1": "r-gistr-spack-v0.11.1",
        "spec2": "r-gistr-spack-v0.12.1",
        "1_package_name_overlap": 0.8804347826086957,
        "2_package_name_version_exact": 0.44166666666666665,
        "3_package_weighted_versions": 0.5797101449275363,
        "4_parameter_overlap": 0.0608695652173913,
        "5_arch_overlap": 0.782608695652174
    },
    "r-gistr-spack-v0.11.2-r-gistr-spack-v0.11.2": {
        "spec1": "r-gistr-spack-v0.11.2",
        "spec2": "r-gistr-spack-v0.11.2",
        "1_package_name_overlap": 1,
        "2_package_name_version_exact": 1,
        "3_package_weighted_versions": 1,
        "4_parameter_overlap": 1,
        "5_arch_overlap": 1
    },
    "r-gistr-spack-v0.11.2-r-gistr-spack-v0.12.0": {
        "spec1": "r-gistr-spack-v0.11.2",
        "spec2": "r-gistr-spack-v0.12.0",
        "1_package_name_overlap": 0.9555555555555556,
        "2_package_name_version_exact": 0.5172413793103449,
        "3_package_weighted_versions": 0.6889008363201912,
        "4_parameter_overlap": 0.06222222222222222,
        "5_arch_overlap": 0.8555555555555555
    },
    "r-gistr-spack-v0.11.2-r-gistr-spack-v0.12.1": {
        "spec1": "r-gistr-spack-v0.11.2",
        "spec2": "r-gistr-spack-v0.12.1",
        "1_package_name_overlap": 0.9555555555555556,
        "2_package_name_version_exact": 0.5172413793103449,
        "3_package_weighted_versions": 0.6889008363201912,
        "4_parameter_overlap": 0.06222222222222222,
        "5_arch_overlap": 0.8555555555555555
    },
    "r-gistr-spack-v0.12.0-r-gistr-spack-v0.12.0": {
        "spec1": "r-gistr-spack-v0.12.0",
        "spec2": "r-gistr-spack-v0.12.0",
        "1_package_name_overlap": 1,
        "2_package_name_version_exact": 1,
        "3_package_weighted_versions": 1,
        "4_parameter_overlap": 1,
        "5_arch_overlap": 1
    },
    "r-gistr-spack-v0.12.0-r-gistr-spack-v0.12.1": {
        "spec1": "r-gistr-spack-v0.12.0",
        "spec2": "r-gistr-spack-v0.12.1",
        "1_package_name_overlap": 1.0,
        "2_package_name_version_exact": 1.0,
        "3_package_weighted_versions": 1.0,
        "4_parameter_overlap": 0.07777777777777778,
        "5_arch_overlap": 0.8888888888888888
    },
    "r-gistr-spack-v0.12.1-r-gistr-spack-v0.12.1": {
        "spec1": "r-gistr-spack-v0.12.1",
        "spec2": "r-gistr-spack-v0.12.1",
        "1_package_name_overlap": 1,
        "2_package_name_version_exact": 1,
        "3_package_weighted_versions": 1,
        "4_parameter_overlap": 1,
        "5_arch_overlap": 1
    }
}