{
    "r-ggpubr-spack-v0.11.0-r-ggpubr-spack-v0.11.0": {
        "spec1": "r-ggpubr-spack-v0.11.0",
        "spec2": "r-ggpubr-spack-v0.11.0",
        "1_package_name_overlap": 1,
        "2_package_name_version_exact": 1,
        "3_package_weighted_versions": 1,
        "4_parameter_overlap": 1,
        "5_arch_overlap": 1
    },
    "r-ggpubr-spack-v0.11.0-r-ggpubr-spack-v0.11.1": {
        "spec1": "r-ggpubr-spack-v0.11.0",
        "spec2": "r-ggpubr-spack-v0.11.1",
        "1_package_name_overlap": 1.0,
        "2_package_name_version_exact": 0.9714285714285714,
        "3_package_weighted_versions": 0.9951690821256037,
        "4_parameter_overlap": 0.13043478260869565,
        "5_arch_overlap": 0.8840579710144928
    },
    "r-ggpubr-spack-v0.11.0-r-ggpubr-spack-v0.11.2": {
        "spec1": "r-ggpubr-spack-v0.11.0",
        "spec2": "r-ggpubr-spack-v0.11.2",
        "1_package_name_overlap": 0.9710144927536232,
        "2_package_name_version_exact": 0.7215189873417721,
        "3_package_weighted_versions": 0.8695496337852581,
        "4_parameter_overlap": 0.13043478260869565,
        "5_arch_overlap": 0.855072463768116
    },
    "r-ggpubr-spack-v0.11.0-r-ggpubr-spack-v0.12.0": {
        "spec1": "r-ggpubr-spack-v0.11.0",
        "spec2": "r-ggpubr-spack-v0.12.0",
        "1_package_name_overlap": 0.9710144927536232,
        "2_package_name_version_exact": 0.4166666666666667,
        "3_package_weighted_versions": 0.5797101449275363,
        "4_parameter_overlap": 0.08115942028985507,
        "5_arch_overlap": 0.855072463768116
    },
    "r-ggpubr-spack-v0.11.0-r-ggpubr-spack-v0.12.1": {
        "spec1": "r-ggpubr-spack-v0.11.0",
        "spec2": "r-ggpubr-spack-v0.12.1",
        "1_package_name_overlap": 0.9710144927536232,
        "2_package_name_version_exact": 0.4166666666666667,
        "3_package_weighted_versions": 0.5797101449275363,
        "4_parameter_overlap": 0.08115942028985507,
        "5_arch_overlap": 0.855072463768116
    },
    "r-ggpubr-spack-v0.11.1-r-ggpubr-spack-v0.11.1": {
        "spec1": "r-ggpubr-spack-v0.11.1",
        "spec2": "r-ggpubr-spack-v0.11.1",
        "1_package_name_overlap": 1,
        "2_package_name_version_exact": 1,
        "3_package_weighted_versions": 1,
        "4_parameter_overlap": 1,
        "5_arch_overlap": 1
    },
    "r-ggpubr-spack-v0.11.1-r-ggpubr-spack-v0.11.2": {
        "spec1": "r-ggpubr-spack-v0.11.1",
        "spec2": "r-ggpubr-spack-v0.11.2",
        "1_package_name_overlap": 0.9710144927536232,
        "2_package_name_version_exact": 0.7435897435897436,
        "3_package_weighted_versions": 0.8743805516596541,
        "4_parameter_overlap": 0.13043478260869565,
        "5_arch_overlap": 0.855072463768116
    },
    "r-ggpubr-spack-v0.11.1-r-ggpubr-spack-v0.12.0": {
        "spec1": "r-ggpubr-spack-v0.11.1",
        "spec2": "r-ggpubr-spack-v0.12.0",
        "1_package_name_overlap": 0.9710144927536232,
        "2_package_name_version_exact": 0.4166666666666667,
        "3_package_weighted_versions": 0.5845410628019323,
        "4_parameter_overlap": 0.08115942028985507,
        "5_arch_overlap": 0.855072463768116
    },
    "r-ggpubr-spack-v0.11.1-r-ggpubr-spack-v0.12.1": {
        "spec1": "r-ggpubr-spack-v0.11.1",
        "spec2": "r-ggpubr-spack-v0.12.1",
        "1_package_name_overlap": 0.9710144927536232,
        "2_package_name_version_exact": 0.4166666666666667,
        "3_package_weighted_versions": 0.5845410628019323,
        "4_parameter_overlap": 0.08115942028985507,
        "5_arch_overlap": 0.855072463768116
    },
    "r-ggpubr-spack-v0.11.2-r-ggpubr-spack-v0.11.2": {
        "spec1": "r-ggpubr-spack-v0.11.2",
        "spec2": "r-ggpubr-spack-v0.11.2",
        "1_package_name_overlap": 1,
        "2_package_name_version_exact": 1,
        "3_package_weighted_versions": 1,
        "4_parameter_overlap": 1,
        "5_arch_overlap": 1
    },
    "r-ggpubr-spack-v0.11.2-r-ggpubr-spack-v0.12.0": {
        "spec1": "r-ggpubr-spack-v0.11.2",
        "spec2": "r-ggpubr-spack-v0.12.0",
        "1_package_name_overlap": 1.0,
        "2_package_name_version_exact": 0.4888888888888889,
        "3_package_weighted_versions": 0.6865832129674209,
        "4_parameter_overlap": 0.0835820895522388,
        "5_arch_overlap": 0.8805970149253731
    },
    "r-ggpubr-spack-v0.11.2-r-ggpubr-spack-v0.12.1": {
        "spec1": "r-ggpubr-spack-v0.11.2",
        "spec2": "r-ggpubr-spack-v0.12.1",
        "1_package_name_overlap": 1.0,
        "2_package_name_version_exact": 0.4888888888888889,
        "3_package_weighted_versions": 0.6865832129674209,
        "4_parameter_overlap": 0.0835820895522388,
        "5_arch_overlap": 0.8805970149253731
    },
    "r-ggpubr-spack-v0.12.0-r-ggpubr-spack-v0.12.0": {
        "spec1": "r-ggpubr-spack-v0.12.0",
        "spec2": "r-ggpubr-spack-v0.12.0",
        "1_package_name_overlap": 1,
        "2_package_name_version_exact": 1,
        "3_package_weighted_versions": 1,
        "4_parameter_overlap": 1,
        "5_arch_overlap": 1
    },
    "r-ggpubr-spack-v0.12.0-r-ggpubr-spack-v0.12.1": {
        "spec1": "r-ggpubr-spack-v0.12.0",
        "spec2": "r-ggpubr-spack-v0.12.1",
        "1_package_name_overlap": 1.0,
        "2_package_name_version_exact": 1.0,
        "3_package_weighted_versions": 1.0,
        "4_parameter_overlap": 0.1044776119402985,
        "5_arch_overlap": 0.8805970149253731
    },
    "r-ggpubr-spack-v0.12.1-r-ggpubr-spack-v0.12.1": {
        "spec1": "r-ggpubr-spack-v0.12.1",
        "spec2": "r-ggpubr-spack-v0.12.1",
        "1_package_name_overlap": 1,
        "2_package_name_version_exact": 1,
        "3_package_weighted_versions": 1,
        "4_parameter_overlap": 1,
        "5_arch_overlap": 1
    }
}